CNPJ;Período;Indicador;Registros;CST PIS;CFOP;Descrição CFOP;Âmbito CFOP;Classificação CFOP;Código Item;Descrição Item;Quantidade Registros;Valor Operação;Valor PIS;Valor Cofins
99999999000199;01/08/2026 a 31/08/2026;Receita de venda para serviço;A100/A170;01;5102;Venda de mercadoria adquirida ou recebida de terceiros, ou qualquer venda de mercadoria efetuada pelo MEI com exceção das saídas classificadas nos códigos 5.501, 5.502, 5.504 e 5.505.;Saída interna;VENDAS DE PRODUÇÃO PRÓPRIA OU DE TERCEIROS;ITEM008;ITEM OU SERVICO SINTETICO 008;1;1558,00;25,71;118,41
99999999000199;01/08/2026 a 31/08/2026;Receita de venda para serviço;A100/A170;01;5933;Prestação de serviço sujeita ao ISSQN.;Saída interna;OUTRAS SAÍDAS DE MERCADORIAS OU PRESTAÇÕES DE SERVIÇOS;ITEM007;ITEM OU SERVICO SINTETICO 007;1;592,00;9,77;44,99
99999999000199;01/08/2026 a 31/08/2026;Receita de venda para serviço;A100/A170;01;6102;Venda de mercadoria adquirida ou recebida de terceiros, ou qualquer venda de mercadoria efetuada pelo MEI com exceção das saídas classificadas nos códigos 6.501, 6.502, 6.504 e 6.505.;Saída interestadual;VENDAS DE PRODUÇÃO PRÓPRIA OU DE TERCEIROS;ITEM006;ITEM OU SERVICO SINTETICO 006;1;1364,00;22,51;103,66
99999999000199;01/08/2026 a 31/08/2026;Receita de venda para serviço;A100/A170;01;6933;Prestação de serviço sujeita ao ISSQN.;Saída interestadual;OUTRAS SAÍDAS DE MERCADORIAS OU PRESTAÇÕES DE SERVIÇOS;ITEM007;ITEM OU SERVICO SINTETICO 007;1;1033,00;17,04;78,51
99999999000199;01/08/2026 a 31/08/2026;Receita de venda para serviço;A100/A170;02;5933;Prestação de serviço sujeita ao ISSQN.;Saída interna;OUTRAS SAÍDAS DE MERCADORIAS OU PRESTAÇÕES DE SERVIÇOS;ITEM007;ITEM OU SERVICO SINTETICO 007;1;1036,00;17,09;78,74
99999999000199;01/08/2026 a 31/08/2026;Receita de venda para serviço;A100/A170;02;6102;Venda de mercadoria adquirida ou recebida de terceiros, ou qualquer venda de mercadoria efetuada pelo MEI com exceção das saídas classificadas nos códigos 6.501, 6.502, 6.504 e 6.505.;Saída interestadual;VENDAS DE PRODUÇÃO PRÓPRIA OU DE TERCEIROS;ITEM006;ITEM OU SERVICO SINTETICO 006;1;1808,00;29,83;137,41
99999999000199;01/08/2026 a 31/08/2026;Receita de venda para serviço;A100/A170;02;6933;Prestação de serviço sujeita ao ISSQN.;Saída interestadual;OUTRAS SAÍDAS DE MERCADORIAS OU PRESTAÇÕES DE SERVIÇOS;ITEM007;ITEM OU SERVICO SINTETICO 007;1;1477,00;24,37;112,25
99999999000199;01/08/2026 a 31/08/2026;Receita de venda para serviço;A100/A170;04;1102;Compra para comercialização.;Entrada interna;COMPRAS PARA INDUSTRIALIZAÇÃO, PRODUÇÃO RURAL, COMERCIALIZAÇÃO OU PRESTAÇÕES DE SERVIÇOS;ITEM006;ITEM OU SERVICO SINTETICO 006;1;624,00;0,00;0,00
99999999000199;01/08/2026 a 31/08/2026;Receita de venda para serviço;A100/A170;04;5933;Prestação de serviço sujeita ao ISSQN.;Saída interna;OUTRAS SAÍDAS DE MERCADORIAS OU PRESTAÇÕES DE SERVIÇOS;ITEM007;ITEM OU SERVICO SINTETICO 007;1;1480,00;0,00;0,00
99999999000199;01/08/2026 a 31/08/2026;Receita de venda para serviço;A100/A170;04;6102;Venda de mercadoria adquirida ou recebida de terceiros, ou qualquer venda de mercadoria efetuada pelo MEI com exceção das saídas classificadas nos códigos 6.501, 6.502, 6.504 e 6.505.;Saída interestadual;VENDAS DE PRODUÇÃO PRÓPRIA OU DE TERCEIROS;ITEM006;ITEM OU SERVICO SINTETICO 006;1;2252,00;0,00;0,00
99999999000199;01/08/2026 a 31/08/2026;Receita de venda para serviço;A100/A170;04;6933;Prestação de serviço sujeita ao ISSQN.;Saída interestadual;OUTRAS SAÍDAS DE MERCADORIAS OU PRESTAÇÕES DE SERVIÇOS;ITEM007;ITEM OU SERVICO SINTETICO 007;1;1921,00;0,00;0,00
99999999000199;01/08/2026 a 31/08/2026;Receita de venda para serviço;A100/A170;06;1102;Compra para comercialização.;Entrada interna;COMPRAS PARA INDUSTRIALIZAÇÃO, PRODUÇÃO RURAL, COMERCIALIZAÇÃO OU PRESTAÇÕES DE SERVIÇOS;ITEM006;ITEM OU SERVICO SINTETICO 006;1;1068,00;0,00;0,00
99999999000199;01/08/2026 a 31/08/2026;Receita de venda para serviço;A100/A170;06;2102;Compra para comercialização.;Entrada interestadual;COMPRAS PARA INDUSTRIALIZAÇÃO, PRODUÇÃO RURAL, COMERCIALIZAÇÃO OU PRESTAÇÕES DE SERVIÇOS;ITEM007;ITEM OU SERVICO SINTETICO 007;1;737,00;0,00;0,00
99999999000199;01/08/2026 a 31/08/2026;Receita de venda para serviço;A100/A170;06;6102;Venda de mercadoria adquirida ou recebida de terceiros, ou qualquer venda de mercadoria efetuada pelo MEI com exceção das saídas classificadas nos códigos 6.501, 6.502, 6.504 e 6.505.;Saída interestadual;VENDAS DE PRODUÇÃO PRÓPRIA OU DE TERCEIROS;ITEM006;ITEM OU SERVICO SINTETICO 006;1;296,00;0,00;0,00
99999999000199;01/08/2026 a 31/08/2026;Receita de venda para serviço;A100/A170;06;6102;Venda de mercadoria adquirida ou recebida de terceiros, ou qualquer venda de mercadoria efetuada pelo MEI com exceção das saídas classificadas nos códigos 6.501, 6.502, 6.504 e 6.505.;Saída interestadual;VENDAS DE PRODUÇÃO PRÓPRIA OU DE TERCEIROS;ITEM008;ITEM OU SERVICO SINTETICO 008;1;1593,00;0,00;0,00
99999999000199;01/08/2026 a 31/08/2026;Receita de venda para serviço;A100/A170;06;6933;Prestação de serviço sujeita ao ISSQN.;Saída interestadual;OUTRAS SAÍDAS DE MERCADORIAS OU PRESTAÇÕES DE SERVIÇOS;ITEM007;ITEM OU SERVICO SINTETICO 007;1;2365,00;0,00;0,00
99999999000199;01/08/2026 a 31/08/2026;Receita de venda para serviço;A100/A170;07;1102;Compra para comercialização.;Entrada interna;COMPRAS PARA INDUSTRIALIZAÇÃO, PRODUÇÃO RURAL, COMERCIALIZAÇÃO OU PRESTAÇÕES DE SERVIÇOS;ITEM006;ITEM OU SERVICO SINTETICO 006;1;1512,00;0,00;0,00
99999999000199;01/08/2026 a 31/08/2026;Receita de venda para serviço;A100/A170;07;2102;Compra para comercialização.;Entrada interestadual;COMPRAS PARA INDUSTRIALIZAÇÃO, PRODUÇÃO RURAL, COMERCIALIZAÇÃO OU PRESTAÇÕES DE SERVIÇOS;ITEM007;ITEM OU SERVICO SINTETICO 007;1;1181,00;0,00;0,00
99999999000199;01/08/2026 a 31/08/2026;Receita de venda para serviço;A100/A170;07;5102;Venda de mercadoria adquirida ou recebida de terceiros, ou qualquer venda de mercadoria efetuada pelo MEI com exceção das saídas classificadas nos códigos 5.501, 5.502, 5.504 e 5.505.;Saída interna;VENDAS DE PRODUÇÃO PRÓPRIA OU DE TERCEIROS;ITEM008;ITEM OU SERVICO SINTETICO 008;1;850,00;0,00;0,00
99999999000199;01/08/2026 a 31/08/2026;Receita de venda para serviço;A100/A170;07;6102;Venda de mercadoria adquirida ou recebida de terceiros, ou qualquer venda de mercadoria efetuada pelo MEI com exceção das saídas classificadas nos códigos 6.501, 6.502, 6.504 e 6.505.;Saída interestadual;VENDAS DE PRODUÇÃO PRÓPRIA OU DE TERCEIROS;ITEM006;ITEM OU SERVICO SINTETICO 006;1;740,00;0,00;0,00
99999999000199;01/08/2026 a 31/08/2026;Receita de venda para serviço;A100/A170;07;6933;Prestação de serviço sujeita ao ISSQN.;Saída interestadual;OUTRAS SAÍDAS DE MERCADORIAS OU PRESTAÇÕES DE SERVIÇOS;ITEM007;ITEM OU SERVICO SINTETICO 007;1;409,00;0,00;0,00
99999999000199;01/08/2026 a 31/08/2026;Receita de venda para serviço;A100/A170;08;1102;Compra para comercialização.;Entrada interna;COMPRAS PARA INDUSTRIALIZAÇÃO, PRODUÇÃO RURAL, COMERCIALIZAÇÃO OU PRESTAÇÕES DE SERVIÇOS;ITEM006;ITEM OU SERVICO SINTETICO 006;1;1956,00;0,00;0,00
99999999000199;01/08/2026 a 31/08/2026;Receita de venda para serviço;A100/A170;08;2102;Compra para comercialização.;Entrada interestadual;COMPRAS PARA INDUSTRIALIZAÇÃO, PRODUÇÃO RURAL, COMERCIALIZAÇÃO OU PRESTAÇÕES DE SERVIÇOS;ITEM007;ITEM OU SERVICO SINTETICO 007;1;1625,00;0,00;0,00
99999999000199;01/08/2026 a 31/08/2026;Receita de venda para serviço;A100/A170;08;5102;Venda de mercadoria adquirida ou recebida de terceiros, ou qualquer venda de mercadoria efetuada pelo MEI com exceção das saídas classificadas nos códigos 5.501, 5.502, 5.504 e 5.505.;Saída interna;VENDAS DE PRODUÇÃO PRÓPRIA OU DE TERCEIROS;ITEM008;ITEM OU SERVICO SINTETICO 008;1;1294,00;0,00;0,00
99999999000199;01/08/2026 a 31/08/2026;Receita de venda para serviço;A100/A170;08;5933;Prestação de serviço sujeita ao ISSQN.;Saída interna;OUTRAS SAÍDAS DE MERCADORIAS OU PRESTAÇÕES DE SERVIÇOS;ITEM007;ITEM OU SERVICO SINTETICO 007;1;328,00;0,00;0,00
99999999000199;01/08/2026 a 31/08/2026;Receita de venda para serviço;A100/A170;08;6102;Venda de mercadoria adquirida ou recebida de terceiros, ou qualquer venda de mercadoria efetuada pelo MEI com exceção das saídas classificadas nos códigos 6.501, 6.502, 6.504 e 6.505.;Saída interestadual;VENDAS DE PRODUÇÃO PRÓPRIA OU DE TERCEIROS;ITEM006;ITEM OU SERVICO SINTETICO 006;1;1184,00;0,00;0,00
99999999000199;01/08/2026 a 31/08/2026;Receita de venda para serviço;A100/A170;08;6933;Prestação de serviço sujeita ao ISSQN.;Saída interestadual;OUTRAS SAÍDAS DE MERCADORIAS OU PRESTAÇÕES DE SERVIÇOS;ITEM007;ITEM OU SERVICO SINTETICO 007;1;853,00;0,00;0,00
99999999000199;01/08/2026 a 31/08/2026;Receita de venda para serviço;A100/A170;49;1102;Compra para comercialização.;Entrada interna;COMPRAS PARA INDUSTRIALIZAÇÃO, PRODUÇÃO RURAL, COMERCIALIZAÇÃO OU PRESTAÇÕES DE SERVIÇOS;ITEM006;ITEM OU SERVICO SINTETICO 006;1;2400,00;39,60;182,40
99999999000199;01/08/2026 a 31/08/2026;Receita de venda para serviço;A100/A170;49;2102;Compra para comercialização.;Entrada interestadual;COMPRAS PARA INDUSTRIALIZAÇÃO, PRODUÇÃO RURAL, COMERCIALIZAÇÃO OU PRESTAÇÕES DE SERVIÇOS;ITEM007;ITEM OU SERVICO SINTETICO 007;1;2069,00;34,14;157,24
99999999000199;01/08/2026 a 31/08/2026;Receita de venda para serviço;A100/A170;49;5102;Venda de mercadoria adquirida ou recebida de terceiros, ou qualquer venda de mercadoria efetuada pelo MEI com exceção das saídas classificadas nos códigos 5.501, 5.502, 5.504 e 5.505.;Saída interna;VENDAS DE PRODUÇÃO PRÓPRIA OU DE TERCEIROS;ITEM008;ITEM OU SERVICO SINTETICO 008;1;1738,00;28,68;132,09
99999999000199;01/08/2026 a 31/08/2026;Receita de venda para serviço;A100/A170;49;5933;Prestação de serviço sujeita ao ISSQN.;Saída interna;OUTRAS SAÍDAS DE MERCADORIAS OU PRESTAÇÕES DE SERVIÇOS;ITEM007;ITEM OU SERVICO SINTETICO 007;1;772,00;12,74;58,67
99999999000199;01/08/2026 a 31/08/2026;Receita de venda para serviço;A100/A170;49;6933;Prestação de serviço sujeita ao ISSQN.;Saída interestadual;OUTRAS SAÍDAS DE MERCADORIAS OU PRESTAÇÕES DE SERVIÇOS;ITEM007;ITEM OU SERVICO SINTETICO 007;1;1297,00;21,40;98,57
99999999000199;01/08/2026 a 31/08/2026;Receita de venda para serviço;A100/A170;50;1102;Compra para comercialização.;Entrada interna;COMPRAS PARA INDUSTRIALIZAÇÃO, PRODUÇÃO RURAL, COMERCIALIZAÇÃO OU PRESTAÇÕES DE SERVIÇOS;ITEM006;ITEM OU SERVICO SINTETICO 006;1;444,00;7,33;33,74
99999999000199;01/08/2026 a 31/08/2026;Receita de venda para serviço;A100/A170;50;2102;Compra para comercialização.;Entrada interestadual;COMPRAS PARA INDUSTRIALIZAÇÃO, PRODUÇÃO RURAL, COMERCIALIZAÇÃO OU PRESTAÇÕES DE SERVIÇOS;ITEM007;ITEM OU SERVICO SINTETICO 007;1;2513,00;41,46;190,99
99999999000199;01/08/2026 a 31/08/2026;Receita de venda para serviço;A100/A170;50;5102;Venda de mercadoria adquirida ou recebida de terceiros, ou qualquer venda de mercadoria efetuada pelo MEI com exceção das saídas classificadas nos códigos 5.501, 5.502, 5.504 e 5.505.;Saída interna;VENDAS DE PRODUÇÃO PRÓPRIA OU DE TERCEIROS;ITEM008;ITEM OU SERVICO SINTETICO 008;1;2182,00;36,00;165,83
99999999000199;01/08/2026 a 31/08/2026;Receita de venda para serviço;A100/A170;50;5933;Prestação de serviço sujeita ao ISSQN.;Saída interna;OUTRAS SAÍDAS DE MERCADORIAS OU PRESTAÇÕES DE SERVIÇOS;ITEM007;ITEM OU SERVICO SINTETICO 007;1;1216,00;20,06;92,42
99999999000199;01/08/2026 a 31/08/2026;Receita de venda para serviço;A100/A170;51;1102;Compra para comercialização.;Entrada interna;COMPRAS PARA INDUSTRIALIZAÇÃO, PRODUÇÃO RURAL, COMERCIALIZAÇÃO OU PRESTAÇÕES DE SERVIÇOS;ITEM006;ITEM OU SERVICO SINTETICO 006;1;888,00;14,65;67,49
99999999000199;01/08/2026 a 31/08/2026;Receita de venda para serviço;A100/A170;51;2102;Compra para comercialização.;Entrada interestadual;COMPRAS PARA INDUSTRIALIZAÇÃO, PRODUÇÃO RURAL, COMERCIALIZAÇÃO OU PRESTAÇÕES DE SERVIÇOS;ITEM007;ITEM OU SERVICO SINTETICO 007;1;557,00;9,19;42,33
99999999000199;01/08/2026 a 31/08/2026;Receita de venda para serviço;A100/A170;51;5102;Venda de mercadoria adquirida ou recebida de terceiros, ou qualquer venda de mercadoria efetuada pelo MEI com exceção das saídas classificadas nos códigos 5.501, 5.502, 5.504 e 5.505.;Saída interna;VENDAS DE PRODUÇÃO PRÓPRIA OU DE TERCEIROS;ITEM008;ITEM OU SERVICO SINTETICO 008;1;226,00;3,73;17,18
99999999000199;01/08/2026 a 31/08/2026;Receita de venda para serviço;A100/A170;51;5933;Prestação de serviço sujeita ao ISSQN.;Saída interna;OUTRAS SAÍDAS DE MERCADORIAS OU PRESTAÇÕES DE SERVIÇOS;ITEM007;ITEM OU SERVICO SINTETICO 007;1;1660,00;27,39;126,16
99999999000199;01/08/2026 a 31/08/2026;Receita de venda para serviço;A100/A170;70;1102;Compra para comercialização.;Entrada interna;COMPRAS PARA INDUSTRIALIZAÇÃO, PRODUÇÃO RURAL, COMERCIALIZAÇÃO OU PRESTAÇÕES DE SERVIÇOS;ITEM006;ITEM OU SERVICO SINTETICO 006;1;1332,00;21,98;101,23
99999999000199;01/08/2026 a 31/08/2026;Receita de venda para serviço;A100/A170;70;2102;Compra para comercialização.;Entrada interestadual;COMPRAS PARA INDUSTRIALIZAÇÃO, PRODUÇÃO RURAL, COMERCIALIZAÇÃO OU PRESTAÇÕES DE SERVIÇOS;ITEM007;ITEM OU SERVICO SINTETICO 007;1;1001,00;16,52;76,08
99999999000199;01/08/2026 a 31/08/2026;Receita de venda para serviço;A100/A170;70;5102;Venda de mercadoria adquirida ou recebida de terceiros, ou qualquer venda de mercadoria efetuada pelo MEI com exceção das saídas classificadas nos códigos 5.501, 5.502, 5.504 e 5.505.;Saída interna;VENDAS DE PRODUÇÃO PRÓPRIA OU DE TERCEIROS;ITEM008;ITEM OU SERVICO SINTETICO 008;1;670,00;11,06;50,92
99999999000199;01/08/2026 a 31/08/2026;Receita de venda para serviço;A100/A170;70;5933;Prestação de serviço sujeita ao ISSQN.;Saída interna;OUTRAS SAÍDAS DE MERCADORIAS OU PRESTAÇÕES DE SERVIÇOS;ITEM007;ITEM OU SERVICO SINTETICO 007;1;2104,00;34,72;159,90
99999999000199;01/08/2026 a 31/08/2026;Receita de venda para serviço;A100/A170;70;6102;Venda de mercadoria adquirida ou recebida de terceiros, ou qualquer venda de mercadoria efetuada pelo MEI com exceção das saídas classificadas nos códigos 6.501, 6.502, 6.504 e 6.505.;Saída interestadual;VENDAS DE PRODUÇÃO PRÓPRIA OU DE TERCEIROS;ITEM006;ITEM OU SERVICO SINTETICO 006;1;476,00;7,85;36,18
99999999000199;01/08/2026 a 31/08/2026;Receita de venda para serviço;A100/A170;73;2102;Compra para comercialização.;Entrada interestadual;COMPRAS PARA INDUSTRIALIZAÇÃO, PRODUÇÃO RURAL, COMERCIALIZAÇÃO OU PRESTAÇÕES DE SERVIÇOS;ITEM007;ITEM OU SERVICO SINTETICO 007;1;1445,00;23,84;109,82
99999999000199;01/08/2026 a 31/08/2026;Receita de venda para serviço;A100/A170;73;5102;Venda de mercadoria adquirida ou recebida de terceiros, ou qualquer venda de mercadoria efetuada pelo MEI com exceção das saídas classificadas nos códigos 5.501, 5.502, 5.504 e 5.505.;Saída interna;VENDAS DE PRODUÇÃO PRÓPRIA OU DE TERCEIROS;ITEM008;ITEM OU SERVICO SINTETICO 008;1;1114,00;18,38;84,66
99999999000199;01/08/2026 a 31/08/2026;Receita de venda para serviço;A100/A170;73;5933;Prestação de serviço sujeita ao ISSQN.;Saída interna;OUTRAS SAÍDAS DE MERCADORIAS OU PRESTAÇÕES DE SERVIÇOS;ITEM007;ITEM OU SERVICO SINTETICO 007;1;2548,00;42,04;193,65
99999999000199;01/08/2026 a 31/08/2026;Receita de venda para serviço;A100/A170;73;6102;Venda de mercadoria adquirida ou recebida de terceiros, ou qualquer venda de mercadoria efetuada pelo MEI com exceção das saídas classificadas nos códigos 6.501, 6.502, 6.504 e 6.505.;Saída interestadual;VENDAS DE PRODUÇÃO PRÓPRIA OU DE TERCEIROS;ITEM006;ITEM OU SERVICO SINTETICO 006;1;920,00;15,18;69,92
99999999000199;01/08/2026 a 31/08/2026;Receita de venda para serviço;A100/A170;73;6933;Prestação de serviço sujeita ao ISSQN.;Saída interestadual;OUTRAS SAÍDAS DE MERCADORIAS OU PRESTAÇÕES DE SERVIÇOS;ITEM007;ITEM OU SERVICO SINTETICO 007;1;589,00;9,72;44,76
99999999000199;01/08/2026 a 31/08/2026;Receita de venda para produto;C100/C170;01;5101;Venda de produção do estabelecimento.;Saída interna;VENDAS DE PRODUÇÃO PRÓPRIA OU DE TERCEIROS;ITEM002;ITEM OU SERVICO SINTETICO 002;1;791,50;13,06;60,15
99999999000199;01/08/2026 a 31/08/2026;Receita de venda para produto;C100/C170;01;5101;Venda de produção do estabelecimento.;Saída interna;VENDAS DE PRODUÇÃO PRÓPRIA OU DE TERCEIROS;ITEM004;ITEM OU SERVICO SINTETICO 004;1;2042,50;33,70;155,23
99999999000199;01/08/2026 a 31/08/2026;Receita de venda para produto;C100/C170;01;5101;Venda de produção do estabelecimento.;Saída interna;VENDAS DE PRODUÇÃO PRÓPRIA OU DE TERCEIROS;ITEM020;ITEM OU SERVICO SINTETICO 020;1;4340,50;71,62;329,88
99999999000199;01/08/2026 a 31/08/2026;Receita de venda para produto;C100/C170;01;5102;Venda de mercadoria adquirida ou recebida de terceiros, ou qualquer venda de mercadoria efetuada pelo MEI com exceção das saídas classificadas nos códigos 5.501, 5.502, 5.504 e 5.505.;Saída interna;VENDAS DE PRODUÇÃO PRÓPRIA OU DE TERCEIROS;ITEM001;ITEM OU SERVICO SINTETICO 001;1;4117,50;67,94;312,93
99999999000199;01/08/2026 a 31/08/2026;Receita de venda para produto;C100/C170;01;5102;Venda de mercadoria adquirida ou recebida de terceiros, ou qualquer venda de mercadoria efetuada pelo MEI com exceção das saídas classificadas nos códigos 5.501, 5.502, 5.504 e 5.505.;Saída interna;VENDAS DE PRODUÇÃO PRÓPRIA OU DE TERCEIROS;ITEM003;ITEM OU SERVICO SINTETICO 003;1;568,50;9,38;43,21
99999999000199;01/08/2026 a 31/08/2026;Receita de venda para produto;C100/C170;01;5102;Venda de mercadoria adquirida ou recebida de terceiros, ou qualquer venda de mercadoria efetuada pelo MEI com exceção das saídas classificadas nos códigos 5.501, 5.502, 5.504 e 5.505.;Saída interna;VENDAS DE PRODUÇÃO PRÓPRIA OU DE TERCEIROS;ITEM005;ITEM OU SERVICO SINTETICO 005;1;1819,50;30,02;138,28
99999999000199;01/08/2026 a 31/08/2026;Receita de venda para produto;C100/C170;01;5405;Venda de mercadoria adquirida ou recebida de terceiros em operação com mercadoria sujeita ao regime de substituição tributária, na condição de contribuinte substituído.;Saída interna;SAÍDAS DE MERCADORIAS SUJEITAS AO REGIME DE SUBSTITUIÇÃO TRIBUTÁRIA;ITEM008;ITEM OU SERVICO SINTETICO 008;1;1751,50;28,90;133,11
99999999000199;01/08/2026 a 31/08/2026;Receita de venda para produto;C100/C170;01;5405;Venda de mercadoria adquirida ou recebida de terceiros em operação com mercadoria sujeita ao regime de substituição tributária, na condição de contribuinte substituído.;Saída interna;SAÍDAS DE MERCADORIAS SUJEITAS AO REGIME DE SUBSTITUIÇÃO TRIBUTÁRIA;ITEM010;ITEM OU SERVICO SINTETICO 010;1;3002,50;49,54;228,19
99999999000199;01/08/2026 a 31/08/2026;Receita de venda para produto;C100/C170;01;6101;Venda de produção do estabelecimento.;Saída interestadual;VENDAS DE PRODUÇÃO PRÓPRIA OU DE TERCEIROS;ITEM001;ITEM OU SERVICO SINTETICO 001;1;2454,50;40,50;186,54
99999999000199;01/08/2026 a 31/08/2026;Receita de venda para produto;C100/C170;01;6101;Venda de produção do estabelecimento.;Saída interestadual;VENDAS DE PRODUÇÃO PRÓPRIA OU DE TERCEIROS;ITEM003;ITEM OU SERVICO SINTETICO 003;1;3705,50;61,14;281,62
99999999000199;01/08/2026 a 31/08/2026;Receita de venda para produto;C100/C170;01;6101;Venda de produção do estabelecimento.;Saída interestadual;VENDAS DE PRODUÇÃO PRÓPRIA OU DE TERCEIROS;ITEM019;ITEM OU SERVICO SINTETICO 019;1;1203,50;19,86;91,47
99999999000199;01/08/2026 a 31/08/2026;Receita de venda para produto;C100/C170;01;6102;Venda de mercadoria adquirida ou recebida de terceiros, ou qualquer venda de mercadoria efetuada pelo MEI com exceção das saídas classificadas nos códigos 6.501, 6.502, 6.504 e 6.505.;Saída interestadual;VENDAS DE PRODUÇÃO PRÓPRIA OU DE TERCEIROS;ITEM014;ITEM OU SERVICO SINTETICO 014;1;2934,50;48,42;223,02
99999999000199;01/08/2026 a 31/08/2026;Receita de venda para produto;C100/C170;01;6102;Venda de mercadoria adquirida ou recebida de terceiros, ou qualquer venda de mercadoria efetuada pelo MEI com exceção das saídas classificadas nos códigos 6.501, 6.502, 6.504 e 6.505.;Saída interestadual;VENDAS DE PRODUÇÃO PRÓPRIA OU DE TERCEIROS;ITEM018;ITEM OU SERVICO SINTETICO 018;1;636,50;10,50;48,37
99999999000199;01/08/2026 a 31/08/2026;Receita de venda para produto;C100/C170;01;6404;Venda de mercadoria sujeita ao regime de substituição tributária, cujo imposto já tenha sido retido anteriormente.;Saída interestadual;SAÍDAS DE MERCADORIAS SUJEITAS AO REGIME DE SUBSTITUIÇÃO TRIBUTÁRIA;ITEM009;ITEM OU SERVICO SINTETICO 009;1;4888,50;80,66;371,53
99999999000199;01/08/2026 a 31/08/2026;Receita de venda para produto;C100/C170;01;6404;Venda de mercadoria sujeita ao regime de substituição tributária, cujo imposto já tenha sido retido anteriormente.;Saída interestadual;SAÍDAS DE MERCADORIAS SUJEITAS AO REGIME DE SUBSTITUIÇÃO TRIBUTÁRIA;ITEM011;ITEM OU SERVICO SINTETICO 011;1;1339,50;22,10;101,80
99999999000199;01/08/2026 a 31/08/2026;Receita de venda para produto;C100/C170;02;5101;Venda de produção do estabelecimento.;Saída interna;VENDAS DE PRODUÇÃO PRÓPRIA OU DE TERCEIROS;ITEM010;ITEM OU SERVICO SINTETICO 010;1;245,50;4,05;18,66
99999999000199;01/08/2026 a 31/08/2026;Receita de venda para produto;C100/C170;02;5101;Venda de produção do estabelecimento.;Saída interna;VENDAS DE PRODUÇÃO PRÓPRIA OU DE TERCEIROS;ITEM012;ITEM OU SERVICO SINTETICO 012;1;1496,50;24,69;113,73
99999999000199;01/08/2026 a 31/08/2026;Receita de venda para produto;C100/C170;02;5102;Venda de mercadoria adquirida ou recebida de terceiros, ou qualquer venda de mercadoria efetuada pelo MEI com exceção das saídas classificadas nos códigos 5.501, 5.502, 5.504 e 5.505.;Saída interna;VENDAS DE PRODUÇÃO PRÓPRIA OU DE TERCEIROS;ITEM009;ITEM OU SERVICO SINTETICO 009;1;3571,50;58,93;271,43
99999999000199;01/08/2026 a 31/08/2026;Receita de venda para produto;C100/C170;02;5102;Venda de mercadoria adquirida ou recebida de terceiros, ou qualquer venda de mercadoria efetuada pelo MEI com exceção das saídas classificadas nos códigos 5.501, 5.502, 5.504 e 5.505.;Saída interna;VENDAS DE PRODUÇÃO PRÓPRIA OU DE TERCEIROS;ITEM011;ITEM OU SERVICO SINTETICO 011;1;4822,50;79,57;366,51
99999999000199;01/08/2026 a 31/08/2026;Receita de venda para produto;C100/C170;02;5102;Venda de mercadoria adquirida ou recebida de terceiros, ou qualquer venda de mercadoria efetuada pelo MEI com exceção das saídas classificadas nos códigos 5.501, 5.502, 5.504 e 5.505.;Saída interna;VENDAS DE PRODUÇÃO PRÓPRIA OU DE TERCEIROS;ITEM013;ITEM OU SERVICO SINTETICO 013;1;1273,50;21,01;96,79
99999999000199;01/08/2026 a 31/08/2026;Receita de venda para produto;C100/C170;02;5405;Venda de mercadoria adquirida ou recebida de terceiros em operação com mercadoria sujeita ao regime de substituição tributária, na condição de contribuinte substituído.;Saída interna;SAÍDAS DE MERCADORIAS SUJEITAS AO REGIME DE SUBSTITUIÇÃO TRIBUTÁRIA;ITEM014;ITEM OU SERVICO SINTETICO 014;1;4754,50;78,45;361,34
99999999000199;01/08/2026 a 31/08/2026;Receita de venda para produto;C100/C170;02;5405;Venda de mercadoria adquirida ou recebida de terceiros em operação com mercadoria sujeita ao regime de substituição tributária, na condição de contribuinte substituído.;Saída interna;SAÍDAS DE MERCADORIAS SUJEITAS AO REGIME DE SUBSTITUIÇÃO TRIBUTÁRIA;ITEM018;ITEM OU SERVICO SINTETICO 018;1;2456,50;40,53;186,69
99999999000199;01/08/2026 a 31/08/2026;Receita de venda para produto;C100/C170;02;6101;Venda de produção do estabelecimento.;Saída interestadual;VENDAS DE PRODUÇÃO PRÓPRIA OU DE TERCEIROS;ITEM009;ITEM OU SERVICO SINTETICO 009;1;1908,50;31,49;145,05
99999999000199;01/08/2026 a 31/08/2026;Receita de venda para produto;C100/C170;02;6101;Venda de produção do estabelecimento.;Saída interestadual;VENDAS DE PRODUÇÃO PRÓPRIA OU DE TERCEIROS;ITEM011;ITEM OU SERVICO SINTETICO 011;1;3159,50;52,13;240,12
99999999000199;01/08/2026 a 31/08/2026;Receita de venda para produto;C100/C170;02;6102;Venda de mercadoria adquirida ou recebida de terceiros, ou qualquer venda de mercadoria efetuada pelo MEI com exceção das saídas classificadas nos códigos 6.501, 6.502, 6.504 e 6.505.;Saída interestadual;VENDAS DE PRODUÇÃO PRÓPRIA OU DE TERCEIROS;ITEM002;ITEM OU SERVICO SINTETICO 002;1;2388,50;39,41;181,53
99999999000199;01/08/2026 a 31/08/2026;Receita de venda para produto;C100/C170;02;6102;Venda de mercadoria adquirida ou recebida de terceiros, ou qualquer venda de mercadoria efetuada pelo MEI com exceção das saídas classificadas nos códigos 6.501, 6.502, 6.504 e 6.505.;Saída interestadual;VENDAS DE PRODUÇÃO PRÓPRIA OU DE TERCEIROS;ITEM004;ITEM OU SERVICO SINTETICO 004;1;3639,50;60,05;276,60
99999999000199;01/08/2026 a 31/08/2026;Receita de venda para produto;C100/C170;02;6102;Venda de mercadoria adquirida ou recebida de terceiros, ou qualquer venda de mercadoria efetuada pelo MEI com exceção das saídas classificadas nos códigos 6.501, 6.502, 6.504 e 6.505.;Saída interestadual;VENDAS DE PRODUÇÃO PRÓPRIA OU DE TERCEIROS;ITEM020;ITEM OU SERVICO SINTETICO 020;1;1137,50;18,77;86,45
99999999000199;01/08/2026 a 31/08/2026;Receita de venda para produto;C100/C170;02;6404;Venda de mercadoria sujeita ao regime de substituição tributária, cujo imposto já tenha sido retido anteriormente.;Saída interestadual;SAÍDAS DE MERCADORIAS SUJEITAS AO REGIME DE SUBSTITUIÇÃO TRIBUTÁRIA;ITEM015;ITEM OU SERVICO SINTETICO 015;1;3091,50;51,01;234,95
99999999000199;01/08/2026 a 31/08/2026;Receita de venda para produto;C100/C170;02;6404;Venda de mercadoria sujeita ao regime de substituição tributária, cujo imposto já tenha sido retido anteriormente.;Saída interestadual;SAÍDAS DE MERCADORIAS SUJEITAS AO REGIME DE SUBSTITUIÇÃO TRIBUTÁRIA;ITEM019;ITEM OU SERVICO SINTETICO 019;1;793,50;13,09;60,31
99999999000199;01/08/2026 a 31/08/2026;Receita de venda para produto;C100/C170;04;5101;Venda de produção do estabelecimento.;Saída interna;VENDAS DE PRODUÇÃO PRÓPRIA OU DE TERCEIROS;ITEM016;ITEM OU SERVICO SINTETICO 016;1;3248,50;0,00;0,00
99999999000199;01/08/2026 a 31/08/2026;Receita de venda para produto;C100/C170;04;5101;Venda de produção do estabelecimento.;Saída interna;VENDAS DE PRODUÇÃO PRÓPRIA OU DE TERCEIROS;ITEM020;ITEM OU SERVICO SINTETICO 020;1;950,50;0,00;0,00
99999999000199;01/08/2026 a 31/08/2026;Receita de venda para produto;C100/C170;04;5102;Venda de mercadoria adquirida ou recebida de terceiros, ou qualquer venda de mercadoria efetuada pelo MEI com exceção das saídas classificadas nos códigos 5.501, 5.502, 5.504 e 5.505.;Saída interna;VENDAS DE PRODUÇÃO PRÓPRIA OU DE TERCEIROS;ITEM001;ITEM OU SERVICO SINTETICO 001;1;727,50;0,00;0,00
99999999000199;01/08/2026 a 31/08/2026;Receita de venda para produto;C100/C170;04;5102;Venda de mercadoria adquirida ou recebida de terceiros, ou qualquer venda de mercadoria efetuada pelo MEI com exceção das saídas classificadas nos códigos 5.501, 5.502, 5.504 e 5.505.;Saída interna;VENDAS DE PRODUÇÃO PRÓPRIA OU DE TERCEIROS;ITEM019;ITEM OU SERVICO SINTETICO 019;1;4276,50;0,00;0,00
99999999000199;01/08/2026 a 31/08/2026;Receita de venda para produto;C100/C170;04;5405;Venda de mercadoria adquirida ou recebida de terceiros em operação com mercadoria sujeita ao regime de substituição tributária, na condição de contribuinte substituído.;Saída interna;SAÍDAS DE MERCADORIAS SUJEITAS AO REGIME DE SUBSTITUIÇÃO TRIBUTÁRIA;ITEM002;ITEM OU SERVICO SINTETICO 002;1;4208,50;0,00;0,00
99999999000199;01/08/2026 a 31/08/2026;Receita de venda para produto;C100/C170;04;5405;Venda de mercadoria adquirida ou recebida de terceiros em operação com mercadoria sujeita ao regime de substituição tributária, na condição de contribuinte substituído.;Saída interna;SAÍDAS DE MERCADORIAS SUJEITAS AO REGIME DE SUBSTITUIÇÃO TRIBUTÁRIA;ITEM004;ITEM OU SERVICO SINTETICO 004;1;659,50;0,00;0,00
99999999000199;01/08/2026 a 31/08/2026;Receita de venda para produto;C100/C170;04;6101;Venda de produção do estabelecimento.;Saída interestadual;VENDAS DE PRODUÇÃO PRÓPRIA OU DE TERCEIROS;ITEM015;ITEM OU SERVICO SINTETICO 015;1;111,50;0,00;0,00
99999999000199;01/08/2026 a 31/08/2026;Receita de venda para produto;C100/C170;04;6101;Venda de produção do estabelecimento.;Saída interestadual;VENDAS DE PRODUÇÃO PRÓPRIA OU DE TERCEIROS;ITEM019;ITEM OU SERVICO SINTETICO 019;1;2613,50;0,00;0,00
99999999000199;01/08/2026 a 31/08/2026;Receita de venda para produto;C100/C170;04;6102;Venda de mercadoria adquirida ou recebida de terceiros, ou qualquer venda de mercadoria efetuada pelo MEI com exceção das saídas classificadas nos códigos 6.501, 6.502, 6.504 e 6.505.;Saída interestadual;VENDAS DE PRODUÇÃO PRÓPRIA OU DE TERCEIROS;ITEM008;ITEM OU SERVICO SINTETICO 008;1;591,50;0,00;0,00
99999999000199;01/08/2026 a 31/08/2026;Receita de venda para produto;C100/C170;04;6102;Venda de mercadoria adquirida ou recebida de terceiros, ou qualquer venda de mercadoria efetuada pelo MEI com exceção das saídas classificadas nos códigos 6.501, 6.502, 6.504 e 6.505.;Saída interestadual;VENDAS DE PRODUÇÃO PRÓPRIA OU DE TERCEIROS;ITEM010;ITEM OU SERVICO SINTETICO 010;1;1842,50;0,00;0,00
99999999000199;01/08/2026 a 31/08/2026;Receita de venda para produto;C100/C170;04;6102;Venda de mercadoria adquirida ou recebida de terceiros, ou qualquer venda de mercadoria efetuada pelo MEI com exceção das saídas classificadas nos códigos 6.501, 6.502, 6.504 e 6.505.;Saída interestadual;VENDAS DE PRODUÇÃO PRÓPRIA OU DE TERCEIROS;ITEM012;ITEM OU SERVICO SINTETICO 012;1;3093,50;0,00;0,00
99999999000199;01/08/2026 a 31/08/2026;Receita de venda para produto;C100/C170;04;6404;Venda de mercadoria sujeita ao regime de substituição tributária, cujo imposto já tenha sido retido anteriormente.;Saída interestadual;SAÍDAS DE MERCADORIAS SUJEITAS AO REGIME DE SUBSTITUIÇÃO TRIBUTÁRIA;ITEM001;ITEM OU SERVICO SINTETICO 001;1;1294,50;0,00;0,00
99999999000199;01/08/2026 a 31/08/2026;Receita de venda para produto;C100/C170;04;6404;Venda de mercadoria sujeita ao regime de substituição tributária, cujo imposto já tenha sido retido anteriormente.;Saída interestadual;SAÍDAS DE MERCADORIAS SUJEITAS AO REGIME DE SUBSTITUIÇÃO TRIBUTÁRIA;ITEM003;ITEM OU SERVICO SINTETICO 003;1;2545,50;0,00;0,00
99999999000199;01/08/2026 a 31/08/2026;Receita de venda para produto;C100/C170;04;6404;Venda de mercadoria sujeita ao regime de substituição tributária, cujo imposto já tenha sido retido anteriormente.;Saída interestadual;SAÍDAS DE MERCADORIAS SUJEITAS AO REGIME DE SUBSTITUIÇÃO TRIBUTÁRIA;ITEM005;ITEM OU SERVICO SINTETICO 005;1;3796,50;0,00;0,00
99999999000199;01/08/2026 a 31/08/2026;Receita de venda para produto;C100/C170;06;5101;Venda de produção do estabelecimento.;Saída interna;VENDAS DE PRODUÇÃO PRÓPRIA OU DE TERCEIROS;ITEM002;ITEM OU SERVICO SINTETICO 002;1;1451,50;0,00;0,00
99999999000199;01/08/2026 a 31/08/2026;Receita de venda para produto;C100/C170;06;5101;Venda de produção do estabelecimento.;Saída interna;VENDAS DE PRODUÇÃO PRÓPRIA OU DE TERCEIROS;ITEM004;ITEM OU SERVICO SINTETICO 004;1;2702,50;0,00;0,00
99999999000199;01/08/2026 a 31/08/2026;Receita de venda para produto;C100/C170;06;5101;Venda de produção do estabelecimento.;Saída interna;VENDAS DE PRODUÇÃO PRÓPRIA OU DE TERCEIROS;ITEM006;ITEM OU SERVICO SINTETICO 006;1;3953,50;0,00;0,00
99999999000199;01/08/2026 a 31/08/2026;Receita de venda para produto;C100/C170;06;5102;Venda de mercadoria adquirida ou recebida de terceiros, ou qualquer venda de mercadoria efetuada pelo MEI com exceção das saídas classificadas nos códigos 5.501, 5.502, 5.504 e 5.505.;Saída interna;VENDAS DE PRODUÇÃO PRÓPRIA OU DE TERCEIROS;ITEM003;ITEM OU SERVICO SINTETICO 003;1;1228,50;0,00;0,00
99999999000199;01/08/2026 a 31/08/2026;Receita de venda para produto;C100/C170;06;5102;Venda de mercadoria adquirida ou recebida de terceiros, ou qualquer venda de mercadoria efetuada pelo MEI com exceção das saídas classificadas nos códigos 5.501, 5.502, 5.504 e 5.505.;Saída interna;VENDAS DE PRODUÇÃO PRÓPRIA OU DE TERCEIROS;ITEM005;ITEM OU SERVICO SINTETICO 005;1;2479,50;0,00;0,00
99999999000199;01/08/2026 a 31/08/2026;Receita de venda para produto;C100/C170;06;5102;Venda de mercadoria adquirida ou recebida de terceiros, ou qualquer venda de mercadoria efetuada pelo MEI com exceção das saídas classificadas nos códigos 5.501, 5.502, 5.504 e 5.505.;Saída interna;VENDAS DE PRODUÇÃO PRÓPRIA OU DE TERCEIROS;ITEM009;ITEM OU SERVICO SINTETICO 009;1;181,50;0,00;0,00
99999999000199;01/08/2026 a 31/08/2026;Receita de venda para produto;C100/C170;06;5405;Venda de mercadoria adquirida ou recebida de terceiros em operação com mercadoria sujeita ao regime de substituição tributária, na condição de contribuinte substituído.;Saída interna;SAÍDAS DE MERCADORIAS SUJEITAS AO REGIME DE SUBSTITUIÇÃO TRIBUTÁRIA;ITEM010;ITEM OU SERVICO SINTETICO 010;1;3662,50;0,00;0,00
99999999000199;01/08/2026 a 31/08/2026;Receita de venda para produto;C100/C170;06;5405;Venda de mercadoria adquirida ou recebida de terceiros em operação com mercadoria sujeita ao regime de substituição tributária, na condição de contribuinte substituído.;Saída interna;SAÍDAS DE MERCADORIAS SUJEITAS AO REGIME DE SUBSTITUIÇÃO TRIBUTÁRIA;ITEM012;ITEM OU SERVICO SINTETICO 012;1;113,50;0,00;0,00
99999999000199;01/08/2026 a 31/08/2026;Receita de venda para produto;C100/C170;06;5405;Venda de mercadoria adquirida ou recebida de terceiros em operação com mercadoria sujeita ao regime de substituição tributária, na condição de contribuinte substituído.;Saída interna;SAÍDAS DE MERCADORIAS SUJEITAS AO REGIME DE SUBSTITUIÇÃO TRIBUTÁRIA;ITEM014;ITEM OU SERVICO SINTETICO 014;1;1364,50;0,00;0,00
99999999000199;01/08/2026 a 31/08/2026;Receita de venda para produto;C100/C170;06;6101;Venda de produção do estabelecimento.;Saída interestadual;VENDAS DE PRODUÇÃO PRÓPRIA OU DE TERCEIROS;ITEM003;ITEM OU SERVICO SINTETICO 003;1;4365,50;0,00;0,00
99999999000199;01/08/2026 a 31/08/2026;Receita de venda para produto;C100/C170;06;6101;Venda de produção do estabelecimento.;Saída interestadual;VENDAS DE PRODUÇÃO PRÓPRIA OU DE TERCEIROS;ITEM005;ITEM OU SERVICO SINTETICO 005;1;816,50;0,00;0,00
99999999000199;01/08/2026 a 31/08/2026;Receita de venda para produto;C100/C170;06;6102;Venda de mercadoria adquirida ou recebida de terceiros, ou qualquer venda de mercadoria efetuada pelo MEI com exceção das saídas classificadas nos códigos 6.501, 6.502, 6.504 e 6.505.;Saída interestadual;VENDAS DE PRODUÇÃO PRÓPRIA OU DE TERCEIROS;ITEM018;ITEM OU SERVICO SINTETICO 018;1;1296,50;0,00;0,00
99999999000199;01/08/2026 a 31/08/2026;Receita de venda para produto;C100/C170;06;6102;Venda de mercadoria adquirida ou recebida de terceiros, ou qualquer venda de mercadoria efetuada pelo MEI com exceção das saídas classificadas nos códigos 6.501, 6.502, 6.504 e 6.505.;Saída interestadual;VENDAS DE PRODUÇÃO PRÓPRIA OU DE TERCEIROS;ITEM020;ITEM OU SERVICO SINTETICO 020;1;2547,50;0,00;0,00
99999999000199;01/08/2026 a 31/08/2026;Receita de venda para produto;C100/C170;06;6404;Venda de mercadoria sujeita ao regime de substituição tributária, cujo imposto já tenha sido retido anteriormente.;Saída interestadual;SAÍDAS DE MERCADORIAS SUJEITAS AO REGIME DE SUBSTITUIÇÃO TRIBUTÁRIA;ITEM009;ITEM OU SERVICO SINTETICO 009;1;748,50;0,00;0,00
99999999000199;01/08/2026 a 31/08/2026;Receita de venda para produto;C100/C170;06;6404;Venda de mercadoria sujeita ao regime de substituição tributária, cujo imposto já tenha sido retido anteriormente.;Saída interestadual;SAÍDAS DE MERCADORIAS SUJEITAS AO REGIME DE SUBSTITUIÇÃO TRIBUTÁRIA;ITEM011;ITEM OU SERVICO SINTETICO 011;1;1999,50;0,00;0,00
99999999000199;01/08/2026 a 31/08/2026;Receita de venda para produto;C100/C170;06;6404;Venda de mercadoria sujeita ao regime de substituição tributária, cujo imposto já tenha sido retido anteriormente.;Saída interestadual;SAÍDAS DE MERCADORIAS SUJEITAS AO REGIME DE SUBSTITUIÇÃO TRIBUTÁRIA;ITEM013;ITEM OU SERVICO SINTETICO 013;1;3250,50;0,00;0,00
99999999000199;01/08/2026 a 31/08/2026;Receita de venda para produto;C100/C170;07;5101;Venda de produção do estabelecimento.;Saída interna;VENDAS DE PRODUÇÃO PRÓPRIA OU DE TERCEIROS;ITEM010;ITEM OU SERVICO SINTETICO 010;1;905,50;0,00;0,00
99999999000199;01/08/2026 a 31/08/2026;Receita de venda para produto;C100/C170;07;5101;Venda de produção do estabelecimento.;Saída interna;VENDAS DE PRODUÇÃO PRÓPRIA OU DE TERCEIROS;ITEM012;ITEM OU SERVICO SINTETICO 012;1;2156,50;0,00;0,00
99999999000199;01/08/2026 a 31/08/2026;Receita de venda para produto;C100/C170;07;5101;Venda de produção do estabelecimento.;Saída interna;VENDAS DE PRODUÇÃO PRÓPRIA OU DE TERCEIROS;ITEM014;ITEM OU SERVICO SINTETICO 014;1;3407,50;0,00;0,00
99999999000199;01/08/2026 a 31/08/2026;Receita de venda para produto;C100/C170;07;5102;Venda de mercadoria adquirida ou recebida de terceiros, ou qualquer venda de mercadoria efetuada pelo MEI com exceção das saídas classificadas nos códigos 5.501, 5.502, 5.504 e 5.505.;Saída interna;VENDAS DE PRODUÇÃO PRÓPRIA OU DE TERCEIROS;ITEM011;ITEM OU SERVICO SINTETICO 011;1;682,50;0,00;0,00
99999999000199;01/08/2026 a 31/08/2026;Receita de venda para produto;C100/C170;07;5102;Venda de mercadoria adquirida ou recebida de terceiros, ou qualquer venda de mercadoria efetuada pelo MEI com exceção das saídas classificadas nos códigos 5.501, 5.502, 5.504 e 5.505.;Saída interna;VENDAS DE PRODUÇÃO PRÓPRIA OU DE TERCEIROS;ITEM013;ITEM OU SERVICO SINTETICO 013;1;1933,50;0,00;0,00
99999999000199;01/08/2026 a 31/08/2026;Receita de venda para produto;C100/C170;07;5102;Venda de mercadoria adquirida ou recebida de terceiros, ou qualquer venda de mercadoria efetuada pelo MEI com exceção das saídas classificadas nos códigos 5.501, 5.502, 5.504 e 5.505.;Saída interna;VENDAS DE PRODUÇÃO PRÓPRIA OU DE TERCEIROS;ITEM015;ITEM OU SERVICO SINTETICO 015;1;3184,50;0,00;0,00
99999999000199;01/08/2026 a 31/08/2026;Receita de venda para produto;C100/C170;07;5405;Venda de mercadoria adquirida ou recebida de terceiros em operação com mercadoria sujeita ao regime de substituição tributária, na condição de contribuinte substituído.;Saída interna;SAÍDAS DE MERCADORIAS SUJEITAS AO REGIME DE SUBSTITUIÇÃO TRIBUTÁRIA;ITEM002;ITEM OU SERVICO SINTETICO 002;1;818,50;0,00;0,00
99999999000199;01/08/2026 a 31/08/2026;Receita de venda para produto;C100/C170;07;5405;Venda de mercadoria adquirida ou recebida de terceiros em operação com mercadoria sujeita ao regime de substituição tributária, na condição de contribuinte substituído.;Saída interna;SAÍDAS DE MERCADORIAS SUJEITAS AO REGIME DE SUBSTITUIÇÃO TRIBUTÁRIA;ITEM018;ITEM OU SERVICO SINTETICO 018;1;3116,50;0,00;0,00
99999999000199;01/08/2026 a 31/08/2026;Receita de venda para produto;C100/C170;07;5405;Venda de mercadoria adquirida ou recebida de terceiros em operação com mercadoria sujeita ao regime de substituição tributária, na condição de contribuinte substituído.;Saída interna;SAÍDAS DE MERCADORIAS SUJEITAS AO REGIME DE SUBSTITUIÇÃO TRIBUTÁRIA;ITEM020;ITEM OU SERVICO SINTETICO 020;1;4367,50;0,00;0,00
99999999000199;01/08/2026 a 31/08/2026;Receita de venda para produto;C100/C170;07;6101;Venda de produção do estabelecimento.;Saída interestadual;VENDAS DE PRODUÇÃO PRÓPRIA OU DE TERCEIROS;ITEM011;ITEM OU SERVICO SINTETICO 011;1;3819,50;0,00;0,00
99999999000199;01/08/2026 a 31/08/2026;Receita de venda para produto;C100/C170;07;6101;Venda de produção do estabelecimento.;Saída interestadual;VENDAS DE PRODUÇÃO PRÓPRIA OU DE TERCEIROS;ITEM013;ITEM OU SERVICO SINTETICO 013;1;270,50;0,00;0,00
99999999000199;01/08/2026 a 31/08/2026;Receita de venda para produto;C100/C170;07;6101;Venda de produção do estabelecimento.;Saída interestadual;VENDAS DE PRODUÇÃO PRÓPRIA OU DE TERCEIROS;ITEM015;ITEM OU SERVICO SINTETICO 015;1;1521,50;0,00;0,00
99999999000199;01/08/2026 a 31/08/2026;Receita de venda para produto;C100/C170;07;6102;Venda de mercadoria adquirida ou recebida de terceiros, ou qualquer venda de mercadoria efetuada pelo MEI com exceção das saídas classificadas nos códigos 6.501, 6.502, 6.504 e 6.505.;Saída interestadual;VENDAS DE PRODUÇÃO PRÓPRIA OU DE TERCEIROS;ITEM004;ITEM OU SERVICO SINTETICO 004;1;4299,50;0,00;0,00
99999999000199;01/08/2026 a 31/08/2026;Receita de venda para produto;C100/C170;07;6102;Venda de mercadoria adquirida ou recebida de terceiros, ou qualquer venda de mercadoria efetuada pelo MEI com exceção das saídas classificadas nos códigos 6.501, 6.502, 6.504 e 6.505.;Saída interestadual;VENDAS DE PRODUÇÃO PRÓPRIA OU DE TERCEIROS;ITEM008;ITEM OU SERVICO SINTETICO 008;1;2001,50;0,00;0,00
99999999000199;01/08/2026 a 31/08/2026;Receita de venda para produto;C100/C170;07;6404;Venda de mercadoria sujeita ao regime de substituição tributária, cujo imposto já tenha sido retido anteriormente.;Saída interestadual;SAÍDAS DE MERCADORIAS SUJEITAS AO REGIME DE SUBSTITUIÇÃO TRIBUTÁRIA;ITEM001;ITEM OU SERVICO SINTETICO 001;1;2704,50;0,00;0,00
99999999000199;01/08/2026 a 31/08/2026;Receita de venda para produto;C100/C170;07;6404;Venda de mercadoria sujeita ao regime de substituição tributária, cujo imposto já tenha sido retido anteriormente.;Saída interestadual;SAÍDAS DE MERCADORIAS SUJEITAS AO REGIME DE SUBSTITUIÇÃO TRIBUTÁRIA;ITEM019;ITEM OU SERVICO SINTETICO 019;1;1453,50;0,00;0,00
99999999000199;01/08/2026 a 31/08/2026;Receita de venda para produto;C100/C170;08;5101;Venda de produção do estabelecimento.;Saída interna;VENDAS DE PRODUÇÃO PRÓPRIA OU DE TERCEIROS;ITEM002;ITEM OU SERVICO SINTETICO 002;1;2861,50;0,00;0,00
99999999000199;01/08/2026 a 31/08/2026;Receita de venda para produto;C100/C170;08;5101;Venda de produção do estabelecimento.;Saída interna;VENDAS DE PRODUÇÃO PRÓPRIA OU DE TERCEIROS;ITEM020;ITEM OU SERVICO SINTETICO 020;1;1610,50;0,00;0,00
99999999000199;01/08/2026 a 31/08/2026;Receita de venda para produto;C100/C170;08;5102;Venda de mercadoria adquirida ou recebida de terceiros, ou qualquer venda de mercadoria efetuada pelo MEI com exceção das saídas classificadas nos códigos 5.501, 5.502, 5.504 e 5.505.;Saída interna;VENDAS DE PRODUÇÃO PRÓPRIA OU DE TERCEIROS;ITEM001;ITEM OU SERVICO SINTETICO 001;1;1387,50;0,00;0,00
99999999000199;01/08/2026 a 31/08/2026;Receita de venda para produto;C100/C170;08;5102;Venda de mercadoria adquirida ou recebida de terceiros, ou qualquer venda de mercadoria efetuada pelo MEI com exceção das saídas classificadas nos códigos 5.501, 5.502, 5.504 e 5.505.;Saída interna;VENDAS DE PRODUÇÃO PRÓPRIA OU DE TERCEIROS;ITEM003;ITEM OU SERVICO SINTETICO 003;1;2638,50;0,00;0,00
99999999000199;01/08/2026 a 31/08/2026;Receita de venda para produto;C100/C170;08;5102;Venda de mercadoria adquirida ou recebida de terceiros, ou qualquer venda de mercadoria efetuada pelo MEI com exceção das saídas classificadas nos códigos 5.501, 5.502, 5.504 e 5.505.;Saída interna;VENDAS DE PRODUÇÃO PRÓPRIA OU DE TERCEIROS;ITEM019;ITEM OU SERVICO SINTETICO 019;1;136,50;0,00;0,00
99999999000199;01/08/2026 a 31/08/2026;Receita de venda para produto;C100/C170;08;5405;Venda de mercadoria adquirida ou recebida de terceiros em operação com mercadoria sujeita ao regime de substituição tributária, na condição de contribuinte substituído.;Saída interna;SAÍDAS DE MERCADORIAS SUJEITAS AO REGIME DE SUBSTITUIÇÃO TRIBUTÁRIA;ITEM004;ITEM OU SERVICO SINTETICO 004;1;1319,50;0,00;0,00
99999999000199;01/08/2026 a 31/08/2026;Receita de venda para produto;C100/C170;08;5405;Venda de mercadoria adquirida ou recebida de terceiros em operação com mercadoria sujeita ao regime de substituição tributária, na condição de contribuinte substituído.;Saída interna;SAÍDAS DE MERCADORIAS SUJEITAS AO REGIME DE SUBSTITUIÇÃO TRIBUTÁRIA;ITEM008;ITEM OU SERVICO SINTETICO 008;1;3821,50;0,00;0,00
99999999000199;01/08/2026 a 31/08/2026;Receita de venda para produto;C100/C170;08;5405;Venda de mercadoria adquirida ou recebida de terceiros em operação com mercadoria sujeita ao regime de substituição tributária, na condição de contribuinte substituído.;Saída interna;SAÍDAS DE MERCADORIAS SUJEITAS AO REGIME DE SUBSTITUIÇÃO TRIBUTÁRIA;ITEM010;ITEM OU SERVICO SINTETICO 010;1;272,50;0,00;0,00
99999999000199;01/08/2026 a 31/08/2026;Receita de venda para produto;C100/C170;08;6101;Venda de produção do estabelecimento.;Saída interestadual;VENDAS DE PRODUÇÃO PRÓPRIA OU DE TERCEIROS;ITEM001;ITEM OU SERVICO SINTETICO 001;1;4524,50;0,00;0,00
99999999000199;01/08/2026 a 31/08/2026;Receita de venda para produto;C100/C170;08;6101;Venda de produção do estabelecimento.;Saída interestadual;VENDAS DE PRODUÇÃO PRÓPRIA OU DE TERCEIROS;ITEM003;ITEM OU SERVICO SINTETICO 003;1;975,50;0,00;0,00
99999999000199;01/08/2026 a 31/08/2026;Receita de venda para produto;C100/C170;08;6101;Venda de produção do estabelecimento.;Saída interestadual;VENDAS DE PRODUÇÃO PRÓPRIA OU DE TERCEIROS;ITEM019;ITEM OU SERVICO SINTETICO 019;1;3273,50;0,00;0,00
99999999000199;01/08/2026 a 31/08/2026;Receita de venda para produto;C100/C170;08;6102;Venda de mercadoria adquirida ou recebida de terceiros, ou qualquer venda de mercadoria efetuada pelo MEI com exceção das saídas classificadas nos códigos 6.501, 6.502, 6.504 e 6.505.;Saída interestadual;VENDAS DE PRODUÇÃO PRÓPRIA OU DE TERCEIROS;ITEM012;ITEM OU SERVICO SINTETICO 012;1;3753,50;0,00;0,00
99999999000199;01/08/2026 a 31/08/2026;Receita de venda para produto;C100/C170;08;6102;Venda de mercadoria adquirida ou recebida de terceiros, ou qualquer venda de mercadoria efetuada pelo MEI com exceção das saídas classificadas nos códigos 6.501, 6.502, 6.504 e 6.505.;Saída interestadual;VENDAS DE PRODUÇÃO PRÓPRIA OU DE TERCEIROS;ITEM014;ITEM OU SERVICO SINTETICO 014;1;204,50;0,00;0,00
99999999000199;01/08/2026 a 31/08/2026;Receita de venda para produto;C100/C170;08;6404;Venda de mercadoria sujeita ao regime de substituição tributária, cujo imposto já tenha sido retido anteriormente.;Saída interestadual;SAÍDAS DE MERCADORIAS SUJEITAS AO REGIME DE SUBSTITUIÇÃO TRIBUTÁRIA;ITEM005;ITEM OU SERVICO SINTETICO 005;1;4456,50;0,00;0,00
99999999000199;01/08/2026 a 31/08/2026;Receita de venda para produto;C100/C170;08;6404;Venda de mercadoria sujeita ao regime de substituição tributária, cujo imposto já tenha sido retido anteriormente.;Saída interestadual;SAÍDAS DE MERCADORIAS SUJEITAS AO REGIME DE SUBSTITUIÇÃO TRIBUTÁRIA;ITEM009;ITEM OU SERVICO SINTETICO 009;1;2158,50;0,00;0,00
99999999000199;01/08/2026 a 31/08/2026;Receita de venda para produto;C100/C170;49;5101;Venda de produção do estabelecimento.;Saída interna;VENDAS DE PRODUÇÃO PRÓPRIA OU DE TERCEIROS;ITEM006;ITEM OU SERVICO SINTETICO 006;1;4613,50;76,12;350,63
99999999000199;01/08/2026 a 31/08/2026;Receita de venda para produto;C100/C170;49;5101;Venda de produção do estabelecimento.;Saída interna;VENDAS DE PRODUÇÃO PRÓPRIA OU DE TERCEIROS;ITEM010;ITEM OU SERVICO SINTETICO 010;1;2315,50;38,21;175,98
99999999000199;01/08/2026 a 31/08/2026;Receita de venda para produto;C100/C170;49;5102;Venda de mercadoria adquirida ou recebida de terceiros, ou qualquer venda de mercadoria efetuada pelo MEI com exceção das saídas classificadas nos códigos 5.501, 5.502, 5.504 e 5.505.;Saída interna;VENDAS DE PRODUÇÃO PRÓPRIA OU DE TERCEIROS;ITEM009;ITEM OU SERVICO SINTETICO 009;1;841,50;13,88;63,95
99999999000199;01/08/2026 a 31/08/2026;Receita de venda para produto;C100/C170;49;5102;Venda de mercadoria adquirida ou recebida de terceiros, ou qualquer venda de mercadoria efetuada pelo MEI com exceção das saídas classificadas nos códigos 5.501, 5.502, 5.504 e 5.505.;Saída interna;VENDAS DE PRODUÇÃO PRÓPRIA OU DE TERCEIROS;ITEM011;ITEM OU SERVICO SINTETICO 011;1;2092,50;34,53;159,03
99999999000199;01/08/2026 a 31/08/2026;Receita de venda para produto;C100/C170;49;5405;Venda de mercadoria adquirida ou recebida de terceiros em operação com mercadoria sujeita ao regime de substituição tributária, na condição de contribuinte substituído.;Saída interna;SAÍDAS DE MERCADORIAS SUJEITAS AO REGIME DE SUBSTITUIÇÃO TRIBUTÁRIA;ITEM012;ITEM OU SERVICO SINTETICO 012;1;773,50;12,76;58,79
99999999000199;01/08/2026 a 31/08/2026;Receita de venda para produto;C100/C170;49;5405;Venda de mercadoria adquirida ou recebida de terceiros em operação com mercadoria sujeita ao regime de substituição tributária, na condição de contribuinte substituído.;Saída interna;SAÍDAS DE MERCADORIAS SUJEITAS AO REGIME DE SUBSTITUIÇÃO TRIBUTÁRIA;ITEM014;ITEM OU SERVICO SINTETICO 014;1;2024,50;33,40;153,86
99999999000199;01/08/2026 a 31/08/2026;Receita de venda para produto;C100/C170;49;6101;Venda de produção do estabelecimento.;Saída interestadual;VENDAS DE PRODUÇÃO PRÓPRIA OU DE TERCEIROS;ITEM005;ITEM OU SERVICO SINTETICO 005;1;1476,50;24,36;112,21
99999999000199;01/08/2026 a 31/08/2026;Receita de venda para produto;C100/C170;49;6101;Venda de produção do estabelecimento.;Saída interestadual;VENDAS DE PRODUÇÃO PRÓPRIA OU DE TERCEIROS;ITEM009;ITEM OU SERVICO SINTETICO 009;1;3978,50;65,65;302,37
99999999000199;01/08/2026 a 31/08/2026;Receita de venda para produto;C100/C170;49;6101;Venda de produção do estabelecimento.;Saída interestadual;VENDAS DE PRODUÇÃO PRÓPRIA OU DE TERCEIROS;ITEM011;ITEM OU SERVICO SINTETICO 011;1;429,50;7,09;32,64
99999999000199;01/08/2026 a 31/08/2026;Receita de venda para produto;C100/C170;49;6102;Venda de mercadoria adquirida ou recebida de terceiros, ou qualquer venda de mercadoria efetuada pelo MEI com exceção das saídas classificadas nos códigos 6.501, 6.502, 6.504 e 6.505.;Saída interestadual;VENDAS DE PRODUÇÃO PRÓPRIA OU DE TERCEIROS;ITEM002;ITEM OU SERVICO SINTETICO 002;1;4458,50;73,57;338,85
99999999000199;01/08/2026 a 31/08/2026;Receita de venda para produto;C100/C170;49;6102;Venda de mercadoria adquirida ou recebida de terceiros, ou qualquer venda de mercadoria efetuada pelo MEI com exceção das saídas classificadas nos códigos 6.501, 6.502, 6.504 e 6.505.;Saída interestadual;VENDAS DE PRODUÇÃO PRÓPRIA OU DE TERCEIROS;ITEM004;ITEM OU SERVICO SINTETICO 004;1;909,50;15,01;69,12
99999999000199;01/08/2026 a 31/08/2026;Receita de venda para produto;C100/C170;49;6102;Venda de mercadoria adquirida ou recebida de terceiros, ou qualquer venda de mercadoria efetuada pelo MEI com exceção das saídas classificadas nos códigos 6.501, 6.502, 6.504 e 6.505.;Saída interestadual;VENDAS DE PRODUÇÃO PRÓPRIA OU DE TERCEIROS;ITEM020;ITEM OU SERVICO SINTETICO 020;1;3207,50;52,92;243,77
99999999000199;01/08/2026 a 31/08/2026;Receita de venda para produto;C100/C170;49;6404;Venda de mercadoria sujeita ao regime de substituição tributária, cujo imposto já tenha sido retido anteriormente.;Saída interestadual;SAÍDAS DE MERCADORIAS SUJEITAS AO REGIME DE SUBSTITUIÇÃO TRIBUTÁRIA;ITEM013;ITEM OU SERVICO SINTETICO 013;1;3910,50;64,52;297,20
99999999000199;01/08/2026 a 31/08/2026;Receita de venda para produto;C100/C170;49;6404;Venda de mercadoria sujeita ao regime de substituição tributária, cujo imposto já tenha sido retido anteriormente.;Saída interestadual;SAÍDAS DE MERCADORIAS SUJEITAS AO REGIME DE SUBSTITUIÇÃO TRIBUTÁRIA;ITEM015;ITEM OU SERVICO SINTETICO 015;1;361,50;5,96;27,47
99999999000199;01/08/2026 a 31/08/2026;Receita de venda para produto;C100/C170;50;5101;Venda de produção do estabelecimento.;Saída interna;VENDAS DE PRODUÇÃO PRÓPRIA OU DE TERCEIROS;ITEM014;ITEM OU SERVICO SINTETICO 014;1;4067,50;67,11;309,13
99999999000199;01/08/2026 a 31/08/2026;Receita de venda para produto;C100/C170;50;5101;Venda de produção do estabelecimento.;Saída interna;VENDAS DE PRODUÇÃO PRÓPRIA OU DE TERCEIROS;ITEM016;ITEM OU SERVICO SINTETICO 016;1;518,50;8,56;39,41
99999999000199;01/08/2026 a 31/08/2026;Receita de venda para produto;C100/C170;50;5102;Venda de mercadoria adquirida ou recebida de terceiros, ou qualquer venda de mercadoria efetuada pelo MEI com exceção das saídas classificadas nos códigos 5.501, 5.502, 5.504 e 5.505.;Saída interna;VENDAS DE PRODUÇÃO PRÓPRIA OU DE TERCEIROS;ITEM015;ITEM OU SERVICO SINTETICO 015;1;3844,50;63,43;292,18
99999999000199;01/08/2026 a 31/08/2026;Receita de venda para produto;C100/C170;50;5102;Venda de mercadoria adquirida ou recebida de terceiros, ou qualquer venda de mercadoria efetuada pelo MEI com exceção das saídas classificadas nos códigos 5.501, 5.502, 5.504 e 5.505.;Saída interna;VENDAS DE PRODUÇÃO PRÓPRIA OU DE TERCEIROS;ITEM019;ITEM OU SERVICO SINTETICO 019;1;1546,50;25,52;117,53
99999999000199;01/08/2026 a 31/08/2026;Receita de venda para produto;C100/C170;50;5405;Venda de mercadoria adquirida ou recebida de terceiros em operação com mercadoria sujeita ao regime de substituição tributária, na condição de contribuinte substituído.;Saída interna;SAÍDAS DE MERCADORIAS SUJEITAS AO REGIME DE SUBSTITUIÇÃO TRIBUTÁRIA;ITEM002;ITEM OU SERVICO SINTETICO 002;1;1478,50;24,40;112,37
99999999000199;01/08/2026 a 31/08/2026;Receita de venda para produto;C100/C170;50;5405;Venda de mercadoria adquirida ou recebida de terceiros em operação com mercadoria sujeita ao regime de substituição tributária, na condição de contribuinte substituído.;Saída interna;SAÍDAS DE MERCADORIAS SUJEITAS AO REGIME DE SUBSTITUIÇÃO TRIBUTÁRIA;ITEM004;ITEM OU SERVICO SINTETICO 004;1;2729,50;45,04;207,44
99999999000199;01/08/2026 a 31/08/2026;Receita de venda para produto;C100/C170;50;5405;Venda de mercadoria adquirida ou recebida de terceiros em operação com mercadoria sujeita ao regime de substituição tributária, na condição de contribuinte substituído.;Saída interna;SAÍDAS DE MERCADORIAS SUJEITAS AO REGIME DE SUBSTITUIÇÃO TRIBUTÁRIA;ITEM020;ITEM OU SERVICO SINTETICO 020;1;227,50;3,75;17,29
99999999000199;01/08/2026 a 31/08/2026;Receita de venda para produto;C100/C170;50;6101;Venda de produção do estabelecimento.;Saída interestadual;VENDAS DE PRODUÇÃO PRÓPRIA OU DE TERCEIROS;ITEM013;ITEM OU SERVICO SINTETICO 013;1;930,50;15,35;70,72
99999999000199;01/08/2026 a 31/08/2026;Receita de venda para produto;C100/C170;50;6101;Venda de produção do estabelecimento.;Saída interestadual;VENDAS DE PRODUÇÃO PRÓPRIA OU DE TERCEIROS;ITEM015;ITEM OU SERVICO SINTETICO 015;1;2181,50;35,99;165,79
99999999000199;01/08/2026 a 31/08/2026;Receita de venda para produto;C100/C170;50;6102;Venda de mercadoria adquirida ou recebida de terceiros, ou qualquer venda de mercadoria efetuada pelo MEI com exceção das saídas classificadas nos códigos 6.501, 6.502, 6.504 e 6.505.;Saída interestadual;VENDAS DE PRODUÇÃO PRÓPRIA OU DE TERCEIROS;ITEM008;ITEM OU SERVICO SINTETICO 008;1;2661,50;43,91;202,27
99999999000199;01/08/2026 a 31/08/2026;Receita de venda para produto;C100/C170;50;6102;Venda de mercadoria adquirida ou recebida de terceiros, ou qualquer venda de mercadoria efetuada pelo MEI com exceção das saídas classificadas nos códigos 6.501, 6.502, 6.504 e 6.505.;Saída interestadual;VENDAS DE PRODUÇÃO PRÓPRIA OU DE TERCEIROS;ITEM010;ITEM OU SERVICO SINTETICO 010;1;3912,50;64,56;297,35
99999999000199;01/08/2026 a 31/08/2026;Receita de venda para produto;C100/C170;50;6102;Venda de mercadoria adquirida ou recebida de terceiros, ou qualquer venda de mercadoria efetuada pelo MEI com exceção das saídas classificadas nos códigos 6.501, 6.502, 6.504 e 6.505.;Saída interestadual;VENDAS DE PRODUÇÃO PRÓPRIA OU DE TERCEIROS;ITEM012;ITEM OU SERVICO SINTETICO 012;1;363,50;6,00;27,63
99999999000199;01/08/2026 a 31/08/2026;Receita de venda para produto;C100/C170;50;6404;Venda de mercadoria sujeita ao regime de substituição tributária, cujo imposto já tenha sido retido anteriormente.;Saída interestadual;SAÍDAS DE MERCADORIAS SUJEITAS AO REGIME DE SUBSTITUIÇÃO TRIBUTÁRIA;ITEM001;ITEM OU SERVICO SINTETICO 001;1;3364,50;55,51;255,70
99999999000199;01/08/2026 a 31/08/2026;Receita de venda para produto;C100/C170;50;6404;Venda de mercadoria sujeita ao regime de substituição tributária, cujo imposto já tenha sido retido anteriormente.;Saída interestadual;SAÍDAS DE MERCADORIAS SUJEITAS AO REGIME DE SUBSTITUIÇÃO TRIBUTÁRIA;ITEM003;ITEM OU SERVICO SINTETICO 003;1;4615,50;76,16;350,78
99999999000199;01/08/2026 a 31/08/2026;Receita de venda para produto;C100/C170;50;6404;Venda de mercadoria sujeita ao regime de substituição tributária, cujo imposto já tenha sido retido anteriormente.;Saída interestadual;SAÍDAS DE MERCADORIAS SUJEITAS AO REGIME DE SUBSTITUIÇÃO TRIBUTÁRIA;ITEM005;ITEM OU SERVICO SINTETICO 005;1;1066,50;17,60;81,05
99999999000199;01/08/2026 a 31/08/2026;Receita de venda para produto;C100/C170;51;5101;Venda de produção do estabelecimento.;Saída interna;VENDAS DE PRODUÇÃO PRÓPRIA OU DE TERCEIROS;ITEM002;ITEM OU SERVICO SINTETICO 002;1;3521,50;58,10;267,63
99999999000199;01/08/2026 a 31/08/2026;Receita de venda para produto;C100/C170;51;5101;Venda de produção do estabelecimento.;Saída interna;VENDAS DE PRODUÇÃO PRÓPRIA OU DE TERCEIROS;ITEM004;ITEM OU SERVICO SINTETICO 004;1;4772,50;78,75;362,71
99999999000199;01/08/2026 a 31/08/2026;Receita de venda para produto;C100/C170;51;5101;Venda de produção do estabelecimento.;Saída interna;VENDAS DE PRODUÇÃO PRÓPRIA OU DE TERCEIROS;ITEM006;ITEM OU SERVICO SINTETICO 006;1;1223,50;20,19;92,99
99999999000199;01/08/2026 a 31/08/2026;Receita de venda para produto;C100/C170;51;5102;Venda de mercadoria adquirida ou recebida de terceiros, ou qualquer venda de mercadoria efetuada pelo MEI com exceção das saídas classificadas nos códigos 5.501, 5.502, 5.504 e 5.505.;Saída interna;VENDAS DE PRODUÇÃO PRÓPRIA OU DE TERCEIROS;ITEM003;ITEM OU SERVICO SINTETICO 003;1;3298,50;54,43;250,69
99999999000199;01/08/2026 a 31/08/2026;Receita de venda para produto;C100/C170;51;5102;Venda de mercadoria adquirida ou recebida de terceiros, ou qualquer venda de mercadoria efetuada pelo MEI com exceção das saídas classificadas nos códigos 5.501, 5.502, 5.504 e 5.505.;Saída interna;VENDAS DE PRODUÇÃO PRÓPRIA OU DE TERCEIROS;ITEM005;ITEM OU SERVICO SINTETICO 005;1;4549,50;75,07;345,76
99999999000199;01/08/2026 a 31/08/2026;Receita de venda para produto;C100/C170;51;5405;Venda de mercadoria adquirida ou recebida de terceiros em operação com mercadoria sujeita ao regime de substituição tributária, na condição de contribuinte substituído.;Saída interna;SAÍDAS DE MERCADORIAS SUJEITAS AO REGIME DE SUBSTITUIÇÃO TRIBUTÁRIA;ITEM008;ITEM OU SERVICO SINTETICO 008;1;4481,50;73,94;340,59
99999999000199;01/08/2026 a 31/08/2026;Receita de venda para produto;C100/C170;51;5405;Venda de mercadoria adquirida ou recebida de terceiros em operação com mercadoria sujeita ao regime de substituição tributária, na condição de contribuinte substituído.;Saída interna;SAÍDAS DE MERCADORIAS SUJEITAS AO REGIME DE SUBSTITUIÇÃO TRIBUTÁRIA;ITEM010;ITEM OU SERVICO SINTETICO 010;1;932,50;15,39;70,87
99999999000199;01/08/2026 a 31/08/2026;Receita de venda para produto;C100/C170;51;5405;Venda de mercadoria adquirida ou recebida de terceiros em operação com mercadoria sujeita ao regime de substituição tributária, na condição de contribuinte substituído.;Saída interna;SAÍDAS DE MERCADORIAS SUJEITAS AO REGIME DE SUBSTITUIÇÃO TRIBUTÁRIA;ITEM012;ITEM OU SERVICO SINTETICO 012;1;2183,50;36,03;165,95
99999999000199;01/08/2026 a 31/08/2026;Receita de venda para produto;C100/C170;51;6101;Venda de produção do estabelecimento.;Saída interestadual;VENDAS DE PRODUÇÃO PRÓPRIA OU DE TERCEIROS;ITEM001;ITEM OU SERVICO SINTETICO 001;1;384,50;6,34;29,22
99999999000199;01/08/2026 a 31/08/2026;Receita de venda para produto;C100/C170;51;6101;Venda de produção do estabelecimento.;Saída interestadual;VENDAS DE PRODUÇÃO PRÓPRIA OU DE TERCEIROS;ITEM003;ITEM OU SERVICO SINTETICO 003;1;1635,50;26,99;124,30
99999999000199;01/08/2026 a 31/08/2026;Receita de venda para produto;C100/C170;51;6101;Venda de produção do estabelecimento.;Saída interestadual;VENDAS DE PRODUÇÃO PRÓPRIA OU DE TERCEIROS;ITEM005;ITEM OU SERVICO SINTETICO 005;1;2886,50;47,63;219,37
99999999000199;01/08/2026 a 31/08/2026;Receita de venda para produto;C100/C170;51;6102;Venda de mercadoria adquirida ou recebida de terceiros, ou qualquer venda de mercadoria efetuada pelo MEI com exceção das saídas classificadas nos códigos 6.501, 6.502, 6.504 e 6.505.;Saída interestadual;VENDAS DE PRODUÇÃO PRÓPRIA OU DE TERCEIROS;ITEM014;ITEM OU SERVICO SINTETICO 014;1;864,50;14,26;65,70
99999999000199;01/08/2026 a 31/08/2026;Receita de venda para produto;C100/C170;51;6102;Venda de mercadoria adquirida ou recebida de terceiros, ou qualquer venda de mercadoria efetuada pelo MEI com exceção das saídas classificadas nos códigos 6.501, 6.502, 6.504 e 6.505.;Saída interestadual;VENDAS DE PRODUÇÃO PRÓPRIA OU DE TERCEIROS;ITEM018;ITEM OU SERVICO SINTETICO 018;1;3366,50;55,55;255,85
99999999000199;01/08/2026 a 31/08/2026;Receita de venda para produto;C100/C170;51;6404;Venda de mercadoria sujeita ao regime de substituição tributária, cujo imposto já tenha sido retido anteriormente.;Saída interestadual;SAÍDAS DE MERCADORIAS SUJEITAS AO REGIME DE SUBSTITUIÇÃO TRIBUTÁRIA;ITEM009;ITEM OU SERVICO SINTETICO 009;1;2818,50;46,51;214,21
99999999000199;01/08/2026 a 31/08/2026;Receita de venda para produto;C100/C170;51;6404;Venda de mercadoria sujeita ao regime de substituição tributária, cujo imposto já tenha sido retido anteriormente.;Saída interestadual;SAÍDAS DE MERCADORIAS SUJEITAS AO REGIME DE SUBSTITUIÇÃO TRIBUTÁRIA;ITEM011;ITEM OU SERVICO SINTETICO 011;1;4069,50;67,15;309,28
99999999000199;01/08/2026 a 31/08/2026;Receita de venda para produto;C100/C170;51;6404;Venda de mercadoria sujeita ao regime de substituição tributária, cujo imposto já tenha sido retido anteriormente.;Saída interestadual;SAÍDAS DE MERCADORIAS SUJEITAS AO REGIME DE SUBSTITUIÇÃO TRIBUTÁRIA;ITEM013;ITEM OU SERVICO SINTETICO 013;1;520,50;8,59;39,56
99999999000199;01/08/2026 a 31/08/2026;Receita de venda para produto;C100/C170;60;5101;Venda de produção do estabelecimento.;Saída interna;VENDAS DE PRODUÇÃO PRÓPRIA OU DE TERCEIROS;ITEM010;ITEM OU SERVICO SINTETICO 010;1;2975,50;0,00;0,00
99999999000199;01/08/2026 a 31/08/2026;Receita de venda para produto;C100/C170;60;5101;Venda de produção do estabelecimento.;Saída interna;VENDAS DE PRODUÇÃO PRÓPRIA OU DE TERCEIROS;ITEM012;ITEM OU SERVICO SINTETICO 012;1;4226,50;0,00;0,00
99999999000199;01/08/2026 a 31/08/2026;Receita de venda para produto;C100/C170;60;5101;Venda de produção do estabelecimento.;Saída interna;VENDAS DE PRODUÇÃO PRÓPRIA OU DE TERCEIROS;ITEM014;ITEM OU SERVICO SINTETICO 014;1;677,50;0,00;0,00
99999999000199;01/08/2026 a 31/08/2026;Receita de venda para produto;C100/C170;60;5102;Venda de mercadoria adquirida ou recebida de terceiros, ou qualquer venda de mercadoria efetuada pelo MEI com exceção das saídas classificadas nos códigos 5.501, 5.502, 5.504 e 5.505.;Saída interna;VENDAS DE PRODUÇÃO PRÓPRIA OU DE TERCEIROS;ITEM011;ITEM OU SERVICO SINTETICO 011;1;2752,50;0,00;0,00
99999999000199;01/08/2026 a 31/08/2026;Receita de venda para produto;C100/C170;60;5102;Venda de mercadoria adquirida ou recebida de terceiros, ou qualquer venda de mercadoria efetuada pelo MEI com exceção das saídas classificadas nos códigos 5.501, 5.502, 5.504 e 5.505.;Saída interna;VENDAS DE PRODUÇÃO PRÓPRIA OU DE TERCEIROS;ITEM013;ITEM OU SERVICO SINTETICO 013;1;4003,50;0,00;0,00
99999999000199;01/08/2026 a 31/08/2026;Receita de venda para produto;C100/C170;60;5102;Venda de mercadoria adquirida ou recebida de terceiros, ou qualquer venda de mercadoria efetuada pelo MEI com exceção das saídas classificadas nos códigos 5.501, 5.502, 5.504 e 5.505.;Saída interna;VENDAS DE PRODUÇÃO PRÓPRIA OU DE TERCEIROS;ITEM015;ITEM OU SERVICO SINTETICO 015;1;454,50;0,00;0,00
99999999000199;01/08/2026 a 31/08/2026;Receita de venda para produto;C100/C170;60;5405;Venda de mercadoria adquirida ou recebida de terceiros em operação com mercadoria sujeita ao regime de substituição tributária, na condição de contribuinte substituído.;Saída interna;SAÍDAS DE MERCADORIAS SUJEITAS AO REGIME DE SUBSTITUIÇÃO TRIBUTÁRIA;ITEM018;ITEM OU SERVICO SINTETICO 018;1;386,50;0,00;0,00
99999999000199;01/08/2026 a 31/08/2026;Receita de venda para produto;C100/C170;60;5405;Venda de mercadoria adquirida ou recebida de terceiros em operação com mercadoria sujeita ao regime de substituição tributária, na condição de contribuinte substituído.;Saída interna;SAÍDAS DE MERCADORIAS SUJEITAS AO REGIME DE SUBSTITUIÇÃO TRIBUTÁRIA;ITEM020;ITEM OU SERVICO SINTETICO 020;1;1637,50;0,00;0,00
99999999000199;01/08/2026 a 31/08/2026;Receita de venda para produto;C100/C170;60;6101;Venda de produção do estabelecimento.;Saída interestadual;VENDAS DE PRODUÇÃO PRÓPRIA OU DE TERCEIROS;ITEM009;ITEM OU SERVICO SINTETICO 009;1;4638,50;0,00;0,00
99999999000199;01/08/2026 a 31/08/2026;Receita de venda para produto;C100/C170;60;6101;Venda de produção do estabelecimento.;Saída interestadual;VENDAS DE PRODUÇÃO PRÓPRIA OU DE TERCEIROS;ITEM011;ITEM OU SERVICO SINTETICO 011;1;1089,50;0,00;0,00
99999999000199;01/08/2026 a 31/08/2026;Receita de venda para produto;C100/C170;60;6101;Venda de produção do estabelecimento.;Saída interestadual;VENDAS DE PRODUÇÃO PRÓPRIA OU DE TERCEIROS;ITEM013;ITEM OU SERVICO SINTETICO 013;1;2340,50;0,00;0,00
99999999000199;01/08/2026 a 31/08/2026;Receita de venda para produto;C100/C170;60;6102;Venda de mercadoria adquirida ou recebida de terceiros, ou qualquer venda de mercadoria efetuada pelo MEI com exceção das saídas classificadas nos códigos 6.501, 6.502, 6.504 e 6.505.;Saída interestadual;VENDAS DE PRODUÇÃO PRÓPRIA OU DE TERCEIROS;ITEM002;ITEM OU SERVICO SINTETICO 002;1;318,50;0,00;0,00
99999999000199;01/08/2026 a 31/08/2026;Receita de venda para produto;C100/C170;60;6102;Venda de mercadoria adquirida ou recebida de terceiros, ou qualquer venda de mercadoria efetuada pelo MEI com exceção das saídas classificadas nos códigos 6.501, 6.502, 6.504 e 6.505.;Saída interestadual;VENDAS DE PRODUÇÃO PRÓPRIA OU DE TERCEIROS;ITEM004;ITEM OU SERVICO SINTETICO 004;1;1569,50;0,00;0,00
99999999000199;01/08/2026 a 31/08/2026;Receita de venda para produto;C100/C170;60;6404;Venda de mercadoria sujeita ao regime de substituição tributária, cujo imposto já tenha sido retido anteriormente.;Saída interestadual;SAÍDAS DE MERCADORIAS SUJEITAS AO REGIME DE SUBSTITUIÇÃO TRIBUTÁRIA;ITEM015;ITEM OU SERVICO SINTETICO 015;1;1021,50;0,00;0,00
99999999000199;01/08/2026 a 31/08/2026;Receita de venda para produto;C100/C170;60;6404;Venda de mercadoria sujeita ao regime de substituição tributária, cujo imposto já tenha sido retido anteriormente.;Saída interestadual;SAÍDAS DE MERCADORIAS SUJEITAS AO REGIME DE SUBSTITUIÇÃO TRIBUTÁRIA;ITEM019;ITEM OU SERVICO SINTETICO 019;1;3523,50;0,00;0,00
99999999000199;01/08/2026 a 31/08/2026;Receita de venda para produto;C100/C170;70;5101;Venda de produção do estabelecimento.;Saída interna;VENDAS DE PRODUÇÃO PRÓPRIA OU DE TERCEIROS;ITEM016;ITEM OU SERVICO SINTETICO 016;1;1178,50;19,45;89,57
99999999000199;01/08/2026 a 31/08/2026;Receita de venda para produto;C100/C170;70;5101;Venda de produção do estabelecimento.;Saída interna;VENDAS DE PRODUÇÃO PRÓPRIA OU DE TERCEIROS;ITEM020;ITEM OU SERVICO SINTETICO 020;1;3680,50;60,73;279,72
99999999000199;01/08/2026 a 31/08/2026;Receita de venda para produto;C100/C170;70;5102;Venda de mercadoria adquirida ou recebida de terceiros, ou qualquer venda de mercadoria efetuada pelo MEI com exceção das saídas classificadas nos códigos 5.501, 5.502, 5.504 e 5.505.;Saída interna;VENDAS DE PRODUÇÃO PRÓPRIA OU DE TERCEIROS;ITEM001;ITEM OU SERVICO SINTETICO 001;1;3457,50;57,05;262,77
99999999000199;01/08/2026 a 31/08/2026;Receita de venda para produto;C100/C170;70;5102;Venda de mercadoria adquirida ou recebida de terceiros, ou qualquer venda de mercadoria efetuada pelo MEI com exceção das saídas classificadas nos códigos 5.501, 5.502, 5.504 e 5.505.;Saída interna;VENDAS DE PRODUÇÃO PRÓPRIA OU DE TERCEIROS;ITEM019;ITEM OU SERVICO SINTETICO 019;1;2206,50;36,41;167,69
99999999000199;01/08/2026 a 31/08/2026;Receita de venda para produto;C100/C170;70;5405;Venda de mercadoria adquirida ou recebida de terceiros em operação com mercadoria sujeita ao regime de substituição tributária, na condição de contribuinte substituído.;Saída interna;SAÍDAS DE MERCADORIAS SUJEITAS AO REGIME DE SUBSTITUIÇÃO TRIBUTÁRIA;ITEM004;ITEM OU SERVICO SINTETICO 004;1;3389,50;55,93;257,60
99999999000199;01/08/2026 a 31/08/2026;Receita de venda para produto;C100/C170;70;5405;Venda de mercadoria adquirida ou recebida de terceiros em operação com mercadoria sujeita ao regime de substituição tributária, na condição de contribuinte substituído.;Saída interna;SAÍDAS DE MERCADORIAS SUJEITAS AO REGIME DE SUBSTITUIÇÃO TRIBUTÁRIA;ITEM008;ITEM OU SERVICO SINTETICO 008;1;1091,50;18,01;82,95
99999999000199;01/08/2026 a 31/08/2026;Receita de venda para produto;C100/C170;70;6101;Venda de produção do estabelecimento.;Saída interestadual;VENDAS DE PRODUÇÃO PRÓPRIA OU DE TERCEIROS;ITEM001;ITEM OU SERVICO SINTETICO 001;1;1794,50;29,61;136,38
99999999000199;01/08/2026 a 31/08/2026;Receita de venda para produto;C100/C170;70;6101;Venda de produção do estabelecimento.;Saída interestadual;VENDAS DE PRODUÇÃO PRÓPRIA OU DE TERCEIROS;ITEM019;ITEM OU SERVICO SINTETICO 019;1;543,50;8,97;41,31
99999999000199;01/08/2026 a 31/08/2026;Receita de venda para produto;C100/C170;70;6102;Venda de mercadoria adquirida ou recebida de terceiros, ou qualquer venda de mercadoria efetuada pelo MEI com exceção das saídas classificadas nos códigos 6.501, 6.502, 6.504 e 6.505.;Saída interestadual;VENDAS DE PRODUÇÃO PRÓPRIA OU DE TERCEIROS;ITEM010;ITEM OU SERVICO SINTETICO 010;1;4572,50;75,45;347,51
99999999000199;01/08/2026 a 31/08/2026;Receita de venda para produto;C100/C170;70;6102;Venda de mercadoria adquirida ou recebida de terceiros, ou qualquer venda de mercadoria efetuada pelo MEI com exceção das saídas classificadas nos códigos 6.501, 6.502, 6.504 e 6.505.;Saída interestadual;VENDAS DE PRODUÇÃO PRÓPRIA OU DE TERCEIROS;ITEM012;ITEM OU SERVICO SINTETICO 012;1;1023,50;16,89;77,79
99999999000199;01/08/2026 a 31/08/2026;Receita de venda para produto;C100/C170;70;6102;Venda de mercadoria adquirida ou recebida de terceiros, ou qualquer venda de mercadoria efetuada pelo MEI com exceção das saídas classificadas nos códigos 6.501, 6.502, 6.504 e 6.505.;Saída interestadual;VENDAS DE PRODUÇÃO PRÓPRIA OU DE TERCEIROS;ITEM014;ITEM OU SERVICO SINTETICO 014;1;2274,50;37,53;172,86
99999999000199;01/08/2026 a 31/08/2026;Receita de venda para produto;C100/C170;70;6404;Venda de mercadoria sujeita ao regime de substituição tributária, cujo imposto já tenha sido retido anteriormente.;Saída interestadual;SAÍDAS DE MERCADORIAS SUJEITAS AO REGIME DE SUBSTITUIÇÃO TRIBUTÁRIA;ITEM003;ITEM OU SERVICO SINTETICO 003;1;475,50;7,85;36,14
99999999000199;01/08/2026 a 31/08/2026;Receita de venda para produto;C100/C170;70;6404;Venda de mercadoria sujeita ao regime de substituição tributária, cujo imposto já tenha sido retido anteriormente.;Saída interestadual;SAÍDAS DE MERCADORIAS SUJEITAS AO REGIME DE SUBSTITUIÇÃO TRIBUTÁRIA;ITEM005;ITEM OU SERVICO SINTETICO 005;1;1726,50;28,49;131,21
99999999000199;01/08/2026 a 31/08/2026;Receita de venda para produto;C100/C170;73;5101;Venda de produção do estabelecimento.;Saída interna;VENDAS DE PRODUÇÃO PRÓPRIA OU DE TERCEIROS;ITEM004;ITEM OU SERVICO SINTETICO 004;1;632,50;10,44;48,07
99999999000199;01/08/2026 a 31/08/2026;Receita de venda para produto;C100/C170;73;5101;Venda de produção do estabelecimento.;Saída interna;VENDAS DE PRODUÇÃO PRÓPRIA OU DE TERCEIROS;ITEM006;ITEM OU SERVICO SINTETICO 006;1;1883,50;31,08;143,15
99999999000199;01/08/2026 a 31/08/2026;Receita de venda para produto;C100/C170;73;5102;Venda de mercadoria adquirida ou recebida de terceiros, ou qualquer venda de mercadoria efetuada pelo MEI com exceção das saídas classificadas nos códigos 5.501, 5.502, 5.504 e 5.505.;Saída interna;VENDAS DE PRODUÇÃO PRÓPRIA OU DE TERCEIROS;ITEM005;ITEM OU SERVICO SINTETICO 005;1;409,50;6,76;31,12
99999999000199;01/08/2026 a 31/08/2026;Receita de venda para produto;C100/C170;73;5102;Venda de mercadoria adquirida ou recebida de terceiros, ou qualquer venda de mercadoria efetuada pelo MEI com exceção das saídas classificadas nos códigos 5.501, 5.502, 5.504 e 5.505.;Saída interna;VENDAS DE PRODUÇÃO PRÓPRIA OU DE TERCEIROS;ITEM009;ITEM OU SERVICO SINTETICO 009;1;2911,50;48,04;221,27
99999999000199;01/08/2026 a 31/08/2026;Receita de venda para produto;C100/C170;73;5405;Venda de mercadoria adquirida ou recebida de terceiros em operação com mercadoria sujeita ao regime de substituição tributária, na condição de contribuinte substituído.;Saída interna;SAÍDAS DE MERCADORIAS SUJEITAS AO REGIME DE SUBSTITUIÇÃO TRIBUTÁRIA;ITEM012;ITEM OU SERVICO SINTETICO 012;1;2843,50;46,92;216,11
99999999000199;01/08/2026 a 31/08/2026;Receita de venda para produto;C100/C170;73;5405;Venda de mercadoria adquirida ou recebida de terceiros em operação com mercadoria sujeita ao regime de substituição tributária, na condição de contribuinte substituído.;Saída interna;SAÍDAS DE MERCADORIAS SUJEITAS AO REGIME DE SUBSTITUIÇÃO TRIBUTÁRIA;ITEM014;ITEM OU SERVICO SINTETICO 014;1;4094,50;67,56;311,18
99999999000199;01/08/2026 a 31/08/2026;Receita de venda para produto;C100/C170;73;6101;Venda de produção do estabelecimento.;Saída interestadual;VENDAS DE PRODUÇÃO PRÓPRIA OU DE TERCEIROS;ITEM005;ITEM OU SERVICO SINTETICO 005;1;3546,50;58,52;269,53
99999999000199;01/08/2026 a 31/08/2026;Receita de venda para produto;C100/C170;73;6101;Venda de produção do estabelecimento.;Saída interestadual;VENDAS DE PRODUÇÃO PRÓPRIA OU DE TERCEIROS;ITEM009;ITEM OU SERVICO SINTETICO 009;1;1248,50;20,60;94,89
99999999000199;01/08/2026 a 31/08/2026;Receita de venda para produto;C100/C170;73;6102;Venda de mercadoria adquirida ou recebida de terceiros, ou qualquer venda de mercadoria efetuada pelo MEI com exceção das saídas classificadas nos códigos 6.501, 6.502, 6.504 e 6.505.;Saída interestadual;VENDAS DE PRODUÇÃO PRÓPRIA OU DE TERCEIROS;ITEM002;ITEM OU SERVICO SINTETICO 002;1;1728,50;28,52;131,37
99999999000199;01/08/2026 a 31/08/2026;Receita de venda para produto;C100/C170;73;6102;Venda de mercadoria adquirida ou recebida de terceiros, ou qualquer venda de mercadoria efetuada pelo MEI com exceção das saídas classificadas nos códigos 6.501, 6.502, 6.504 e 6.505.;Saída interestadual;VENDAS DE PRODUÇÃO PRÓPRIA OU DE TERCEIROS;ITEM018;ITEM OU SERVICO SINTETICO 018;1;4026,50;66,44;306,01
99999999000199;01/08/2026 a 31/08/2026;Receita de venda para produto;C100/C170;73;6102;Venda de mercadoria adquirida ou recebida de terceiros, ou qualquer venda de mercadoria efetuada pelo MEI com exceção das saídas classificadas nos códigos 6.501, 6.502, 6.504 e 6.505.;Saída interestadual;VENDAS DE PRODUÇÃO PRÓPRIA OU DE TERCEIROS;ITEM020;ITEM OU SERVICO SINTETICO 020;1;477,50;7,88;36,29
99999999000199;01/08/2026 a 31/08/2026;Receita de venda para produto;C100/C170;73;6404;Venda de mercadoria sujeita ao regime de substituição tributária, cujo imposto já tenha sido retido anteriormente.;Saída interestadual;SAÍDAS DE MERCADORIAS SUJEITAS AO REGIME DE SUBSTITUIÇÃO TRIBUTÁRIA;ITEM011;ITEM OU SERVICO SINTETICO 011;1;4729,50;78,04;359,44
99999999000199;01/08/2026 a 31/08/2026;Receita de venda para produto;C100/C170;73;6404;Venda de mercadoria sujeita ao regime de substituição tributária, cujo imposto já tenha sido retido anteriormente.;Saída interestadual;SAÍDAS DE MERCADORIAS SUJEITAS AO REGIME DE SUBSTITUIÇÃO TRIBUTÁRIA;ITEM013;ITEM OU SERVICO SINTETICO 013;1;1180,50;19,48;89,72
99999999000199;01/08/2026 a 31/08/2026;Receita de venda para produto;C100/C170;73;6404;Venda de mercadoria sujeita ao regime de substituição tributária, cujo imposto já tenha sido retido anteriormente.;Saída interestadual;SAÍDAS DE MERCADORIAS SUJEITAS AO REGIME DE SUBSTITUIÇÃO TRIBUTÁRIA;ITEM015;ITEM OU SERVICO SINTETICO 015;1;2431,50;40,12;184,79
99999999000199;01/08/2026 a 31/08/2026;Receita de venda para produto;C100/C170;98;5101;Venda de produção do estabelecimento.;Saída interna;VENDAS DE PRODUÇÃO PRÓPRIA OU DE TERCEIROS;ITEM012;ITEM OU SERVICO SINTETICO 012;1;4886,50;80,63;371,37
99999999000199;01/08/2026 a 31/08/2026;Receita de venda para produto;C100/C170;98;5101;Venda de produção do estabelecimento.;Saída interna;VENDAS DE PRODUÇÃO PRÓPRIA OU DE TERCEIROS;ITEM014;ITEM OU SERVICO SINTETICO 014;1;1337,50;22,07;101,65
99999999000199;01/08/2026 a 31/08/2026;Receita de venda para produto;C100/C170;98;5101;Venda de produção do estabelecimento.;Saída interna;VENDAS DE PRODUÇÃO PRÓPRIA OU DE TERCEIROS;ITEM016;ITEM OU SERVICO SINTETICO 016;1;2588,50;42,71;196,73
99999999000199;01/08/2026 a 31/08/2026;Receita de venda para produto;C100/C170;98;5102;Venda de mercadoria adquirida ou recebida de terceiros, ou qualquer venda de mercadoria efetuada pelo MEI com exceção das saídas classificadas nos códigos 5.501, 5.502, 5.504 e 5.505.;Saída interna;VENDAS DE PRODUÇÃO PRÓPRIA OU DE TERCEIROS;ITEM013;ITEM OU SERVICO SINTETICO 013;1;4663,50;76,95;354,43
99999999000199;01/08/2026 a 31/08/2026;Receita de venda para produto;C100/C170;98;5102;Venda de mercadoria adquirida ou recebida de terceiros, ou qualquer venda de mercadoria efetuada pelo MEI com exceção das saídas classificadas nos códigos 5.501, 5.502, 5.504 e 5.505.;Saída interna;VENDAS DE PRODUÇÃO PRÓPRIA OU DE TERCEIROS;ITEM015;ITEM OU SERVICO SINTETICO 015;1;1114,50;18,39;84,70
99999999000199;01/08/2026 a 31/08/2026;Receita de venda para produto;C100/C170;98;5405;Venda de mercadoria adquirida ou recebida de terceiros em operação com mercadoria sujeita ao regime de substituição tributária, na condição de contribuinte substituído.;Saída interna;SAÍDAS DE MERCADORIAS SUJEITAS AO REGIME DE SUBSTITUIÇÃO TRIBUTÁRIA;ITEM002;ITEM OU SERVICO SINTETICO 002;1;3548,50;58,55;269,69
99999999000199;01/08/2026 a 31/08/2026;Receita de venda para produto;C100/C170;98;5405;Venda de mercadoria adquirida ou recebida de terceiros em operação com mercadoria sujeita ao regime de substituição tributária, na condição de contribuinte substituído.;Saída interna;SAÍDAS DE MERCADORIAS SUJEITAS AO REGIME DE SUBSTITUIÇÃO TRIBUTÁRIA;ITEM018;ITEM OU SERVICO SINTETICO 018;1;1046,50;17,27;79,53
99999999000199;01/08/2026 a 31/08/2026;Receita de venda para produto;C100/C170;98;5405;Venda de mercadoria adquirida ou recebida de terceiros em operação com mercadoria sujeita ao regime de substituição tributária, na condição de contribuinte substituído.;Saída interna;SAÍDAS DE MERCADORIAS SUJEITAS AO REGIME DE SUBSTITUIÇÃO TRIBUTÁRIA;ITEM020;ITEM OU SERVICO SINTETICO 020;1;2297,50;37,91;174,61
99999999000199;01/08/2026 a 31/08/2026;Receita de venda para produto;C100/C170;98;6101;Venda de produção do estabelecimento.;Saída interestadual;VENDAS DE PRODUÇÃO PRÓPRIA OU DE TERCEIROS;ITEM013;ITEM OU SERVICO SINTETICO 013;1;3000,50;49,51;228,04
99999999000199;01/08/2026 a 31/08/2026;Receita de venda para produto;C100/C170;98;6101;Venda de produção do estabelecimento.;Saída interestadual;VENDAS DE PRODUÇÃO PRÓPRIA OU DE TERCEIROS;ITEM015;ITEM OU SERVICO SINTETICO 015;1;4251,50;70,15;323,11
99999999000199;01/08/2026 a 31/08/2026;Receita de venda para produto;C100/C170;98;6102;Venda de mercadoria adquirida ou recebida de terceiros, ou qualquer venda de mercadoria efetuada pelo MEI com exceção das saídas classificadas nos códigos 6.501, 6.502, 6.504 e 6.505.;Saída interestadual;VENDAS DE PRODUÇÃO PRÓPRIA OU DE TERCEIROS;ITEM008;ITEM OU SERVICO SINTETICO 008;1;4731,50;78,07;359,59
99999999000199;01/08/2026 a 31/08/2026;Receita de venda para produto;C100/C170;98;6102;Venda de mercadoria adquirida ou recebida de terceiros, ou qualquer venda de mercadoria efetuada pelo MEI com exceção das saídas classificadas nos códigos 6.501, 6.502, 6.504 e 6.505.;Saída interestadual;VENDAS DE PRODUÇÃO PRÓPRIA OU DE TERCEIROS;ITEM010;ITEM OU SERVICO SINTETICO 010;1;1182,50;19,51;89,87
99999999000199;01/08/2026 a 31/08/2026;Receita de venda para produto;C100/C170;98;6404;Venda de mercadoria sujeita ao regime de substituição tributária, cujo imposto já tenha sido retido anteriormente.;Saída interestadual;SAÍDAS DE MERCADORIAS SUJEITAS AO REGIME DE SUBSTITUIÇÃO TRIBUTÁRIA;ITEM001;ITEM OU SERVICO SINTETICO 001;1;634,50;10,47;48,22
99999999000199;01/08/2026 a 31/08/2026;Receita de venda para produto;C100/C170;98;6404;Venda de mercadoria sujeita ao regime de substituição tributária, cujo imposto já tenha sido retido anteriormente.;Saída interestadual;SAÍDAS DE MERCADORIAS SUJEITAS AO REGIME DE SUBSTITUIÇÃO TRIBUTÁRIA;ITEM003;ITEM OU SERVICO SINTETICO 003;1;1885,50;31,11;143,30
99999999000199;01/08/2026 a 31/08/2026;Receita de venda para produto;C100/C170;98;6404;Venda de mercadoria sujeita ao regime de substituição tributária, cujo imposto já tenha sido retido anteriormente.;Saída interestadual;SAÍDAS DE MERCADORIAS SUJEITAS AO REGIME DE SUBSTITUIÇÃO TRIBUTÁRIA;ITEM019;ITEM OU SERVICO SINTETICO 019;1;4183,50;69,03;317,95
99999999000199;01/08/2026 a 31/08/2026;Receitas financeiras;F100;;;;;;;;0;0,00;0,00;0,00
99999999000199;01/08/2026 a 31/08/2026;Outras receitas;F100;01;;;;;;;2;10256,50;169,23;779,49
99999999000199;01/08/2026 a 31/08/2026;Outras receitas;F100;04;;;;;;;3;9171,75;0,00;0,00
99999999000199;01/08/2026 a 31/08/2026;Outras receitas;F100;06;;;;;;;3;11560,75;0,00;0,00
99999999000199;01/08/2026 a 31/08/2026;Outras receitas;F100;07;;;;;;;3;4455,75;0,00;0,00
99999999000199;01/08/2026 a 31/08/2026;Outras receitas;F100;08;;;;;;;2;7898,50;0,00;0,00
99999999000199;01/08/2026 a 31/08/2026;Outras receitas;F100;49;;;;;;;3;12739,75;210,21;968,23
99999999000199;01/08/2026 a 31/08/2026;Outras receitas;F100;50;;;;;;;3;5634,75;92,97;428,25
99999999000199;01/08/2026 a 31/08/2026;Outras receitas;F100;51;;;;;;;2;8684,50;143,29;660,03
99999999000199;01/08/2026 a 31/08/2026;Outras receitas;F100;60;;;;;;;3;7418,75;0,00;0,00
99999999000199;01/08/2026 a 31/08/2026;Outras receitas;F100;70;;;;;;;3;6813,75;112,43;517,85
99999999000199;01/08/2026 a 31/08/2026;Outras receitas;F100;73;;;;;;;2;9470,50;156,27;719,76
99999999000199;01/08/2026 a 31/08/2026;Outras receitas;F100;98;;;;;;;3;8597,75;141,86;653,43
99999999000199;01/08/2026 a 31/08/2026;Outras receitas;F100;99;;;;;;;3;7992,75;131,88;607,45
